mock_title,exam_type,branch,mock_id,question_index,question_id,image_ref,url
"DBMS, Network Theory Test #1","GATE","","f7a26d20-e0c2-4478-99ef-b99e080b3808","4","eee317aa-5215-43ec-b5dd-b0b5e07b3d02","gate-ece_network-theory/for-the-r-l-circuit-_img1.jpg","https://ik.imagekit.io/kdm0ytilx/pattern-master/gate-ece_network-theory/for-the-r-l-circuit-_img1.jpg?tr=f-auto,q-auto"
"DBMS, Network Theory Test #1","GATE","","f7a26d20-e0c2-4478-99ef-b99e080b3808","7","8576ad62-12b0-4f42-bd23-75e367c56bd2","gate-ece_network-theory/pin-the-circuit-show_img1_3.png","https://ik.imagekit.io/kdm0ytilx/pattern-master/gate-ece_network-theory/pin-the-circuit-show_img1_3.png?tr=f-auto,q-auto"
"DBMS, Network Theory Test #1","GATE","","f7a26d20-e0c2-4478-99ef-b99e080b3808","15","99642376-d1de-4465-ae60-0ecf2925b0ce","gate-ece_network-theory/in-the-interconnecti_img1.png","https://ik.imagekit.io/kdm0ytilx/pattern-master/gate-ece_network-theory/in-the-interconnecti_img1.png?tr=f-auto,q-auto"
"DBMS, Network Theory Test #1","GATE","","f7a26d20-e0c2-4478-99ef-b99e080b3808","18","e44644c3-cb1c-4814-a2d9-eb6f5cbda00d","gate-ece_network-theory/consider-a-delta-con_img1.png","https://ik.imagekit.io/kdm0ytilx/pattern-master/gate-ece_network-theory/consider-a-delta-con_img1.png?tr=f-auto,q-auto"
"DBMS, Network Theory Test #1","GATE","","f7a26d20-e0c2-4478-99ef-b99e080b3808","22","1886e41a-4022-46a3-8874-79c483d60e1d","gate-ece_network-theory/the-abcd-matrix-for-_img1.png","https://ik.imagekit.io/kdm0ytilx/pattern-master/gate-ece_network-theory/the-abcd-matrix-for-_img1.png?tr=f-auto,q-auto"
"DBMS, Network Theory Test #1","GATE","","f7a26d20-e0c2-4478-99ef-b99e080b3808","25","7e96d93b-5c19-495d-ac04-07c661f5812e","gate-ece_network-theory/in-the-given-circuit_img1_3.jpg","https://ik.imagekit.io/kdm0ytilx/pattern-master/gate-ece_network-theory/in-the-given-circuit_img1_3.jpg?tr=f-auto,q-auto"
"DBMS, Network Theory Test #1","GATE","","f7a26d20-e0c2-4478-99ef-b99e080b3808","26","7c30ef40-337d-4c8e-83f0-b9a035cdc035","gate-ece_network-theory/pfor-the-two-port-ne_img1.png","https://ik.imagekit.io/kdm0ytilx/pattern-master/gate-ece_network-theory/pfor-the-two-port-ne_img1.png?tr=f-auto,q-auto"
"DBMS, Network Theory Test #1","GATE","","f7a26d20-e0c2-4478-99ef-b99e080b3808","29","34f9db33-9a8e-4744-9714-20ecc4789f73","gate-ece_network-theory/an-ac-voltage-source_img1.png","https://ik.imagekit.io/kdm0ytilx/pattern-master/gate-ece_network-theory/an-ac-voltage-source_img1.png?tr=f-auto,q-auto"
"DBMS, Network Theory Test #1","GATE","","f7a26d20-e0c2-4478-99ef-b99e080b3808","31","533b9db0-d96b-4f65-8f8e-f5625004d35a","gate-ece_network-theory/the-voltage-e0-in-fi_img1.png","https://ik.imagekit.io/kdm0ytilx/pattern-master/gate-ece_network-theory/the-voltage-e0-in-fi_img1.png?tr=f-auto,q-auto"
"DBMS, Network Theory Test #1","GATE","","f7a26d20-e0c2-4478-99ef-b99e080b3808","39","748e9fc3-61d8-42e0-b100-ebd070bd1089","gate-ece_network-theory/p-text--the-current-_img1.png","https://ik.imagekit.io/kdm0ytilx/pattern-master/gate-ece_network-theory/p-text--the-current-_img1.png?tr=f-auto,q-auto"
"DBMS, Network Theory Test #1","GATE","","f7a26d20-e0c2-4478-99ef-b99e080b3808","42","0a364c71-7b88-486a-ba4a-a1bc38a2cf6f","gate-ece_network-theory/identify-which-of-th_img1.jpg","https://ik.imagekit.io/kdm0ytilx/pattern-master/gate-ece_network-theory/identify-which-of-th_img1.jpg?tr=f-auto,q-auto"
"DBMS, Network Theory Test #1","GATE","","f7a26d20-e0c2-4478-99ef-b99e080b3808","48","5d7bdbe5-798d-4698-a386-36b320e088cb","gate-ece_network-theory/if-r1-r2-r4-r-and-r3_img1.png","https://ik.imagekit.io/kdm0ytilx/pattern-master/gate-ece_network-theory/if-r1-r2-r4-r-and-r3_img1.png?tr=f-auto,q-auto"
"DBMS, Network Theory Test #1","GATE","","f7a26d20-e0c2-4478-99ef-b99e080b3808","54","dad0f821-f8f4-45e8-824e-d039f8b3d49c","gate-ece_network-theory/in-the-following-fig_img1.jpg","https://ik.imagekit.io/kdm0ytilx/pattern-master/gate-ece_network-theory/in-the-following-fig_img1.jpg?tr=f-auto,q-auto"
"JEE Main 2026 Jan 21 shift 1","JEE_MAIN","","1effc938-bda9-4ad5-b292-9250498bb7b2","2","36c2caf0-216a-43ea-b013-6920d00d23b8","cracku/a-1-m-long-metal-rod-ab-completes-t_img1.png","https://ik.imagekit.io/kdm0ytilx/pattern-master/cracku/a-1-m-long-metal-rod-ab-completes-t_img1.png?tr=f-auto,q-auto"
"JEE Main 2026 Jan 21 shift 1","JEE_MAIN","","1effc938-bda9-4ad5-b292-9250498bb7b2","6","faa73a75-050b-4c6b-963d-92b3488940e8","cracku/a-uniform-rod-of-mass-m-and-length_img1.png","https://ik.imagekit.io/kdm0ytilx/pattern-master/cracku/a-uniform-rod-of-mass-m-and-length_img1.png?tr=f-auto,q-auto"
"JEE Main 2026 Jan 21 shift 1","JEE_MAIN","","1effc938-bda9-4ad5-b292-9250498bb7b2","8","d603fdbd-c43f-4e28-82c7-c454bfe28e1d","cracku/the-given-circuit-works-as_img1.png","https://ik.imagekit.io/kdm0ytilx/pattern-master/cracku/the-given-circuit-works-as_img1.png?tr=f-auto,q-auto"
"JEE Main 2026 Jan 21 shift 1","JEE_MAIN","","1effc938-bda9-4ad5-b292-9250498bb7b2","10","e93947fd-864a-4ecc-9f1b-6250f1e7337f","cracku/potential-energy-v-versus-distance_img1.png","https://ik.imagekit.io/kdm0ytilx/pattern-master/cracku/potential-energy-v-versus-distance_img1.png?tr=f-auto,q-auto"
"JEE Main 2026 Jan 21 shift 1","JEE_MAIN","","1effc938-bda9-4ad5-b292-9250498bb7b2","14","b3b22acf-1e4c-4eb1-8a04-33a36b03f4ac","cracku/water-flows-through-a-horizontal-tu_img1.png","https://ik.imagekit.io/kdm0ytilx/pattern-master/cracku/water-flows-through-a-horizontal-tu_img1.png?tr=f-auto,q-auto"
"JEE Main 2026 Jan 21 shift 1","JEE_MAIN","","1effc938-bda9-4ad5-b292-9250498bb7b2","20","3f62ee9f-bae9-4344-b0fe-7b1795d8a159","cracku/two-identical-thin-rods-of-mass-m-k_img1.png","https://ik.imagekit.io/kdm0ytilx/pattern-master/cracku/two-identical-thin-rods-of-mass-m-k_img1.png?tr=f-auto,q-auto"
"JEE Main 2026 Jan 21 shift 1","JEE_MAIN","","1effc938-bda9-4ad5-b292-9250498bb7b2","23","39bfe09c-2bc7-4028-9044-2d2978a07c9f","cracku/the-heat-generated-in-1-minute-betw_img1.png","https://ik.imagekit.io/kdm0ytilx/pattern-master/cracku/the-heat-generated-in-1-minute-betw_img1.png?tr=f-auto,q-auto"
"JEE Main 2026 Jan 21 shift 1","JEE_MAIN","","1effc938-bda9-4ad5-b292-9250498bb7b2","25","650416a6-721c-48cc-b668-11f9659bac9c","cracku/from-the-following-the-least-stable_opta_img1.png","https://ik.imagekit.io/kdm0ytilx/pattern-master/cracku/from-the-following-the-least-stable_opta_img1.png?tr=f-auto,q-auto"
"JEE Main 2026 Jan 21 shift 1","JEE_MAIN","","1effc938-bda9-4ad5-b292-9250498bb7b2","25","650416a6-721c-48cc-b668-11f9659bac9c","cracku/from-the-following-the-least-stable_optb_img2.png","https://ik.imagekit.io/kdm0ytilx/pattern-master/cracku/from-the-following-the-least-stable_optb_img2.png?tr=f-auto,q-auto"
"JEE Main 2026 Jan 21 shift 1","JEE_MAIN","","1effc938-bda9-4ad5-b292-9250498bb7b2","25","650416a6-721c-48cc-b668-11f9659bac9c","cracku/from-the-following-the-least-stable_optc_img3.png","https://ik.imagekit.io/kdm0ytilx/pattern-master/cracku/from-the-following-the-least-stable_optc_img3.png?tr=f-auto,q-auto"
"JEE Main 2026 Jan 21 shift 1","JEE_MAIN","","1effc938-bda9-4ad5-b292-9250498bb7b2","25","650416a6-721c-48cc-b668-11f9659bac9c","cracku/from-the-following-the-least-stable_optd_img4.png","https://ik.imagekit.io/kdm0ytilx/pattern-master/cracku/from-the-following-the-least-stable_optd_img4.png?tr=f-auto,q-auto"
"JEE Main 2026 Jan 21 shift 1","JEE_MAIN","","1effc938-bda9-4ad5-b292-9250498bb7b2","33","d608727b-8e89-463e-afa9-1ea80cecb95e","cracku/an-organic-compound-p-of-molecular_opta_img1.png","https://ik.imagekit.io/kdm0ytilx/pattern-master/cracku/an-organic-compound-p-of-molecular_opta_img1.png?tr=f-auto,q-auto"
"JEE Main 2026 Jan 21 shift 1","JEE_MAIN","","1effc938-bda9-4ad5-b292-9250498bb7b2","33","d608727b-8e89-463e-afa9-1ea80cecb95e","cracku/an-organic-compound-p-of-molecular_optb_img2.png","https://ik.imagekit.io/kdm0ytilx/pattern-master/cracku/an-organic-compound-p-of-molecular_optb_img2.png?tr=f-auto,q-auto"
"JEE Main 2026 Jan 21 shift 1","JEE_MAIN","","1effc938-bda9-4ad5-b292-9250498bb7b2","33","d608727b-8e89-463e-afa9-1ea80cecb95e","cracku/an-organic-compound-p-of-molecular_optc_img3.png","https://ik.imagekit.io/kdm0ytilx/pattern-master/cracku/an-organic-compound-p-of-molecular_optc_img3.png?tr=f-auto,q-auto"
"JEE Main 2026 Jan 21 shift 1","JEE_MAIN","","1effc938-bda9-4ad5-b292-9250498bb7b2","33","d608727b-8e89-463e-afa9-1ea80cecb95e","cracku/an-organic-compound-p-of-molecular_optd_img4.png","https://ik.imagekit.io/kdm0ytilx/pattern-master/cracku/an-organic-compound-p-of-molecular_optd_img4.png?tr=f-auto,q-auto"
"JEE Main 2026 Jan 21 shift 1","JEE_MAIN","","1effc938-bda9-4ad5-b292-9250498bb7b2","36","37bb9eec-8951-41ff-8b10-1f91227f07df","cracku/which-of-the-following-graphs-betwe_opta_img1.png","https://ik.imagekit.io/kdm0ytilx/pattern-master/cracku/which-of-the-following-graphs-betwe_opta_img1.png?tr=f-auto,q-auto"
"JEE Main 2026 Jan 21 shift 1","JEE_MAIN","","1effc938-bda9-4ad5-b292-9250498bb7b2","36","37bb9eec-8951-41ff-8b10-1f91227f07df","cracku/which-of-the-following-graphs-betwe_optb_img2.png","https://ik.imagekit.io/kdm0ytilx/pattern-master/cracku/which-of-the-following-graphs-betwe_optb_img2.png?tr=f-auto,q-auto"
"JEE Main 2026 Jan 21 shift 1","JEE_MAIN","","1effc938-bda9-4ad5-b292-9250498bb7b2","36","37bb9eec-8951-41ff-8b10-1f91227f07df","cracku/which-of-the-following-graphs-betwe_optc_img3.png","https://ik.imagekit.io/kdm0ytilx/pattern-master/cracku/which-of-the-following-graphs-betwe_optc_img3.png?tr=f-auto,q-auto"
"JEE Main 2026 Jan 21 shift 1","JEE_MAIN","","1effc938-bda9-4ad5-b292-9250498bb7b2","36","37bb9eec-8951-41ff-8b10-1f91227f07df","cracku/which-of-the-following-graphs-betwe_optd_img4.png","https://ik.imagekit.io/kdm0ytilx/pattern-master/cracku/which-of-the-following-graphs-betwe_optd_img4.png?tr=f-auto,q-auto"
"JEE Main 2026 Jan 21 shift 1","JEE_MAIN","","1effc938-bda9-4ad5-b292-9250498bb7b2","37","29fde343-4c66-4abc-9231-4f74f5265863","cracku/identify-a-in-the-following-reactio_img1.png","https://ik.imagekit.io/kdm0ytilx/pattern-master/cracku/identify-a-in-the-following-reactio_img1.png?tr=f-auto,q-auto"
"JEE Main 2026 Jan 21 shift 1","JEE_MAIN","","1effc938-bda9-4ad5-b292-9250498bb7b2","37","29fde343-4c66-4abc-9231-4f74f5265863","cracku/identify-a-in-the-following-reactio_opta_img2.png","https://ik.imagekit.io/kdm0ytilx/pattern-master/cracku/identify-a-in-the-following-reactio_opta_img2.png?tr=f-auto,q-auto"
"JEE Main 2026 Jan 21 shift 1","JEE_MAIN","","1effc938-bda9-4ad5-b292-9250498bb7b2","37","29fde343-4c66-4abc-9231-4f74f5265863","cracku/identify-a-in-the-following-reactio_optb_img3.png","https://ik.imagekit.io/kdm0ytilx/pattern-master/cracku/identify-a-in-the-following-reactio_optb_img3.png?tr=f-auto,q-auto"
"JEE Main 2026 Jan 21 shift 1","JEE_MAIN","","1effc938-bda9-4ad5-b292-9250498bb7b2","37","29fde343-4c66-4abc-9231-4f74f5265863","cracku/identify-a-in-the-following-reactio_optc_img4.png","https://ik.imagekit.io/kdm0ytilx/pattern-master/cracku/identify-a-in-the-following-reactio_optc_img4.png?tr=f-auto,q-auto"
"JEE Main 2026 Jan 21 shift 1","JEE_MAIN","","1effc938-bda9-4ad5-b292-9250498bb7b2","37","29fde343-4c66-4abc-9231-4f74f5265863","cracku/identify-a-in-the-following-reactio_optd_img5.png","https://ik.imagekit.io/kdm0ytilx/pattern-master/cracku/identify-a-in-the-following-reactio_optd_img5.png?tr=f-auto,q-auto"
"JEE Main 2026 Jan 21 shift 1","JEE_MAIN","","1effc938-bda9-4ad5-b292-9250498bb7b2","38","cfbc9ba7-9472-4fbf-b080-e33943f0dff5","cracku/a-hydrocarbon-p-c_4h_8-on-reaction_opta_img1.png","https://ik.imagekit.io/kdm0ytilx/pattern-master/cracku/a-hydrocarbon-p-c_4h_8-on-reaction_opta_img1.png?tr=f-auto,q-auto"
"JEE Main 2026 Jan 21 shift 1","JEE_MAIN","","1effc938-bda9-4ad5-b292-9250498bb7b2","38","cfbc9ba7-9472-4fbf-b080-e33943f0dff5","cracku/a-hydrocarbon-p-c_4h_8-on-reaction_optb_img2.png","https://ik.imagekit.io/kdm0ytilx/pattern-master/cracku/a-hydrocarbon-p-c_4h_8-on-reaction_optb_img2.png?tr=f-auto,q-auto"
"JEE Main 2026 Jan 21 shift 1","JEE_MAIN","","1effc938-bda9-4ad5-b292-9250498bb7b2","38","cfbc9ba7-9472-4fbf-b080-e33943f0dff5","cracku/a-hydrocarbon-p-c_4h_8-on-reaction_optc_img3.png","https://ik.imagekit.io/kdm0ytilx/pattern-master/cracku/a-hydrocarbon-p-c_4h_8-on-reaction_optc_img3.png?tr=f-auto,q-auto"
"JEE Main 2026 Jan 21 shift 1","JEE_MAIN","","1effc938-bda9-4ad5-b292-9250498bb7b2","38","cfbc9ba7-9472-4fbf-b080-e33943f0dff5","cracku/a-hydrocarbon-p-c_4h_8-on-reaction_optd_img4.png","https://ik.imagekit.io/kdm0ytilx/pattern-master/cracku/a-hydrocarbon-p-c_4h_8-on-reaction_optd_img4.png?tr=f-auto,q-auto"
"JEE Main 2026 Jan 21 shift 1","JEE_MAIN","","1effc938-bda9-4ad5-b292-9250498bb7b2","44","84e58b4f-9445-4b40-bdd9-84e185bc32f5","cracku/for-the-reaction-n_2o_4rightlefthar_img1.png","https://ik.imagekit.io/kdm0ytilx/pattern-master/cracku/for-the-reaction-n_2o_4rightlefthar_img1.png?tr=f-auto,q-auto"
"JEE Main 2026 Jan 21 shift 1","JEE_MAIN","","1effc938-bda9-4ad5-b292-9250498bb7b2","47","9699fbaa-ef80-42a3-b005-bd97908c4bb4","cracku/use-the-following-data-one-mole-eac_img1.png","https://ik.imagekit.io/kdm0ytilx/pattern-master/cracku/use-the-following-data-one-mole-eac_img1.png?tr=f-auto,q-auto"
"26 Feb 2021 Shift 1","JEE_MAIN","","921640f8-dea4-4b60-bc8a-1104fd63c29a","86","a04712aa-c91e-430b-93b0-b11d9cf8faca","26_feb_s1_mathematics_let-lambda-21-be-a-point-on-the-pla_img1_20260512_011003.webp","https://ik.imagekit.io/kdm0ytilx/pattern-master/26_feb_s1_mathematics_let-lambda-21-be-a-point-on-the-pla_img1_20260512_011003.webp?tr=f-auto,q-auto"
"25 Jun 2022 Shift 1","JEE_MAIN","","9d2031ed-8cab-48fc-bf61-5d445e2967b8","42","7d619063-85e3-4cb7-bf1c-d5d558ae29c3","25_jun_s1_optfix_25-jun-2022-shift-1_img1_explanation_20260512_052806.webp","https://ik.imagekit.io/kdm0ytilx/pattern-master/25_jun_s1_optfix_25-jun-2022-shift-1_img1_explanation_20260512_052806.webp?tr=f-auto,q-auto"
"25 Jun 2022 Shift 1","JEE_MAIN","","9d2031ed-8cab-48fc-bf61-5d445e2967b8","42","7d619063-85e3-4cb7-bf1c-d5d558ae29c3","25_jun_s1_optfix_25-jun-2022-shift-1_img1_20260512_052810.webp","https://ik.imagekit.io/kdm0ytilx/pattern-master/25_jun_s1_optfix_25-jun-2022-shift-1_img1_20260512_052810.webp?tr=f-auto,q-auto"
"25 Jun 2022 Shift 1","JEE_MAIN","","9d2031ed-8cab-48fc-bf61-5d445e2967b8","42","7d619063-85e3-4cb7-bf1c-d5d558ae29c3","25_jun_s1_optfix_25-jun-2022-shift-1_img1_explanation_20260512_052814.webp","https://ik.imagekit.io/kdm0ytilx/pattern-master/25_jun_s1_optfix_25-jun-2022-shift-1_img1_explanation_20260512_052814.webp?tr=f-auto,q-auto"
"25 Jun 2022 Shift 1","JEE_MAIN","","9d2031ed-8cab-48fc-bf61-5d445e2967b8","42","7d619063-85e3-4cb7-bf1c-d5d558ae29c3","25_jun_s1_optfix_25-jun-2022-shift-1_img1_20260512_052820.webp","https://ik.imagekit.io/kdm0ytilx/pattern-master/25_jun_s1_optfix_25-jun-2022-shift-1_img1_20260512_052820.webp?tr=f-auto,q-auto"
"25 Jun 2022 Shift 1","JEE_MAIN","","9d2031ed-8cab-48fc-bf61-5d445e2967b8","42","7d619063-85e3-4cb7-bf1c-d5d558ae29c3","25_jun_s1_optfix_25-jun-2022-shift-1_img1_20260512_052826.webp","https://ik.imagekit.io/kdm0ytilx/pattern-master/25_jun_s1_optfix_25-jun-2022-shift-1_img1_20260512_052826.webp?tr=f-auto,q-auto"
"25 Jun 2022 Shift 1","JEE_MAIN","","9d2031ed-8cab-48fc-bf61-5d445e2967b8","42","7d619063-85e3-4cb7-bf1c-d5d558ae29c3","25_jun_s1_optfix_25-jun-2022-shift-1_img1_explanation_20260512_052826.webp","https://ik.imagekit.io/kdm0ytilx/pattern-master/25_jun_s1_optfix_25-jun-2022-shift-1_img1_explanation_20260512_052826.webp?tr=f-auto,q-auto"
"25 Jun 2022 Shift 1","JEE_MAIN","","9d2031ed-8cab-48fc-bf61-5d445e2967b8","42","7d619063-85e3-4cb7-bf1c-d5d558ae29c3","25_jun_s1_optfix_25-jun-2022-shift-1_img1_20260512_052829.webp","https://ik.imagekit.io/kdm0ytilx/pattern-master/25_jun_s1_optfix_25-jun-2022-shift-1_img1_20260512_052829.webp?tr=f-auto,q-auto"
"25 Jun 2022 Shift 1","JEE_MAIN","","9d2031ed-8cab-48fc-bf61-5d445e2967b8","42","7d619063-85e3-4cb7-bf1c-d5d558ae29c3","25_jun_s1_optfix_25-jun-2022-shift-1_img2_explanation_20260512_052830.webp","https://ik.imagekit.io/kdm0ytilx/pattern-master/25_jun_s1_optfix_25-jun-2022-shift-1_img2_explanation_20260512_052830.webp?tr=f-auto,q-auto"
"25 Jun 2022 Shift 1","JEE_MAIN","","9d2031ed-8cab-48fc-bf61-5d445e2967b8","42","7d619063-85e3-4cb7-bf1c-d5d558ae29c3","25_jun_s1_optfix_25-jun-2022-shift-1_img1_explanation_20260512_052834.webp","https://ik.imagekit.io/kdm0ytilx/pattern-master/25_jun_s1_optfix_25-jun-2022-shift-1_img1_explanation_20260512_052834.webp?tr=f-auto,q-auto"
"25 Jun 2022 Shift 1","JEE_MAIN","","9d2031ed-8cab-48fc-bf61-5d445e2967b8","42","7d619063-85e3-4cb7-bf1c-d5d558ae29c3","25_jun_s1_optfix_25-jun-2022-shift-1_img1_20260512_052835.webp","https://ik.imagekit.io/kdm0ytilx/pattern-master/25_jun_s1_optfix_25-jun-2022-shift-1_img1_20260512_052835.webp?tr=f-auto,q-auto"
"25 Jun 2022 Shift 1","JEE_MAIN","","9d2031ed-8cab-48fc-bf61-5d445e2967b8","42","7d619063-85e3-4cb7-bf1c-d5d558ae29c3","25_jun_s1_optfix_25-jun-2022-shift-1_img2_explanation_20260512_052838.webp","https://ik.imagekit.io/kdm0ytilx/pattern-master/25_jun_s1_optfix_25-jun-2022-shift-1_img2_explanation_20260512_052838.webp?tr=f-auto,q-auto"
"25 Jun 2022 Shift 1","JEE_MAIN","","9d2031ed-8cab-48fc-bf61-5d445e2967b8","42","7d619063-85e3-4cb7-bf1c-d5d558ae29c3","25_jun_s1_optfix_25-jun-2022-shift-1_img1_explanation_20260512_052838.webp","https://ik.imagekit.io/kdm0ytilx/pattern-master/25_jun_s1_optfix_25-jun-2022-shift-1_img1_explanation_20260512_052838.webp?tr=f-auto,q-auto"
"25 Jun 2022 Shift 1","JEE_MAIN","","9d2031ed-8cab-48fc-bf61-5d445e2967b8","42","7d619063-85e3-4cb7-bf1c-d5d558ae29c3","25_jun_s1_optfix_25-jun-2022-shift-1_img2_optA_20260512_052837.webp","https://ik.imagekit.io/kdm0ytilx/pattern-master/25_jun_s1_optfix_25-jun-2022-shift-1_img2_optA_20260512_052837.webp?tr=f-auto,q-auto"
"25 Jun 2022 Shift 1","JEE_MAIN","","9d2031ed-8cab-48fc-bf61-5d445e2967b8","42","7d619063-85e3-4cb7-bf1c-d5d558ae29c3","25_jun_s1_optfix_25-jun-2022-shift-1_img3_optB_20260512_052838.webp","https://ik.imagekit.io/kdm0ytilx/pattern-master/25_jun_s1_optfix_25-jun-2022-shift-1_img3_optB_20260512_052838.webp?tr=f-auto,q-auto"
"25 Jun 2022 Shift 1","JEE_MAIN","","9d2031ed-8cab-48fc-bf61-5d445e2967b8","42","7d619063-85e3-4cb7-bf1c-d5d558ae29c3","25_jun_s1_optfix_25-jun-2022-shift-1_img4_optC_20260512_052838.webp","https://ik.imagekit.io/kdm0ytilx/pattern-master/25_jun_s1_optfix_25-jun-2022-shift-1_img4_optC_20260512_052838.webp?tr=f-auto,q-auto"
"25 Jun 2022 Shift 1","JEE_MAIN","","9d2031ed-8cab-48fc-bf61-5d445e2967b8","42","7d619063-85e3-4cb7-bf1c-d5d558ae29c3","25_jun_s1_optfix_25-jun-2022-shift-1_img5_optD_20260512_052839.webp","https://ik.imagekit.io/kdm0ytilx/pattern-master/25_jun_s1_optfix_25-jun-2022-shift-1_img5_optD_20260512_052839.webp?tr=f-auto,q-auto"
"25 Jun 2022 Shift 1","JEE_MAIN","","9d2031ed-8cab-48fc-bf61-5d445e2967b8","42","7d619063-85e3-4cb7-bf1c-d5d558ae29c3","25_jun_s1_optfix_25-jun-2022-shift-1_img6_explanation_20260512_052840.webp","https://ik.imagekit.io/kdm0ytilx/pattern-master/25_jun_s1_optfix_25-jun-2022-shift-1_img6_explanation_20260512_052840.webp?tr=f-auto,q-auto"
"25 Jun 2022 Shift 1","JEE_MAIN","","9d2031ed-8cab-48fc-bf61-5d445e2967b8","42","7d619063-85e3-4cb7-bf1c-d5d558ae29c3","25_jun_s1_optfix_25-jun-2022-shift-1_img1_optA_20260512_052837.webp","https://ik.imagekit.io/kdm0ytilx/pattern-master/25_jun_s1_optfix_25-jun-2022-shift-1_img1_optA_20260512_052837.webp?tr=f-auto,q-auto"
"25 Jun 2022 Shift 1","JEE_MAIN","","9d2031ed-8cab-48fc-bf61-5d445e2967b8","42","7d619063-85e3-4cb7-bf1c-d5d558ae29c3","25_jun_s1_optfix_25-jun-2022-shift-1_img2_optB_20260512_052838.webp","https://ik.imagekit.io/kdm0ytilx/pattern-master/25_jun_s1_optfix_25-jun-2022-shift-1_img2_optB_20260512_052838.webp?tr=f-auto,q-auto"
"25 Jun 2022 Shift 1","JEE_MAIN","","9d2031ed-8cab-48fc-bf61-5d445e2967b8","42","7d619063-85e3-4cb7-bf1c-d5d558ae29c3","25_jun_s1_optfix_25-jun-2022-shift-1_img3_optC_20260512_052839.webp","https://ik.imagekit.io/kdm0ytilx/pattern-master/25_jun_s1_optfix_25-jun-2022-shift-1_img3_optC_20260512_052839.webp?tr=f-auto,q-auto"
"25 Jun 2022 Shift 1","JEE_MAIN","","9d2031ed-8cab-48fc-bf61-5d445e2967b8","42","7d619063-85e3-4cb7-bf1c-d5d558ae29c3","25_jun_s1_optfix_25-jun-2022-shift-1_img4_optD_20260512_052839.webp","https://ik.imagekit.io/kdm0ytilx/pattern-master/25_jun_s1_optfix_25-jun-2022-shift-1_img4_optD_20260512_052839.webp?tr=f-auto,q-auto"
"25 Jun 2022 Shift 1","JEE_MAIN","","9d2031ed-8cab-48fc-bf61-5d445e2967b8","42","7d619063-85e3-4cb7-bf1c-d5d558ae29c3","25_jun_s1_optfix_25-jun-2022-shift-1_img5_explanation_20260512_052840.webp","https://ik.imagekit.io/kdm0ytilx/pattern-master/25_jun_s1_optfix_25-jun-2022-shift-1_img5_explanation_20260512_052840.webp?tr=f-auto,q-auto"
"25 Jun 2022 Shift 1","JEE_MAIN","","9d2031ed-8cab-48fc-bf61-5d445e2967b8","42","7d619063-85e3-4cb7-bf1c-d5d558ae29c3","25_jun_s1_optfix_25-jun-2022-shift-1_img1_20260512_052837.webp","https://ik.imagekit.io/kdm0ytilx/pattern-master/25_jun_s1_optfix_25-jun-2022-shift-1_img1_20260512_052837.webp?tr=f-auto,q-auto"
"25 Jun 2022 Shift 1","JEE_MAIN","","9d2031ed-8cab-48fc-bf61-5d445e2967b8","42","7d619063-85e3-4cb7-bf1c-d5d558ae29c3","25_jun_s1_optfix_25-jun-2022-shift-1_img2_optA_20260512_052838.webp","https://ik.imagekit.io/kdm0ytilx/pattern-master/25_jun_s1_optfix_25-jun-2022-shift-1_img2_optA_20260512_052838.webp?tr=f-auto,q-auto"
"25 Jun 2022 Shift 1","JEE_MAIN","","9d2031ed-8cab-48fc-bf61-5d445e2967b8","42","7d619063-85e3-4cb7-bf1c-d5d558ae29c3","25_jun_s1_optfix_25-jun-2022-shift-1_img4_optC_20260512_052839.webp","https://ik.imagekit.io/kdm0ytilx/pattern-master/25_jun_s1_optfix_25-jun-2022-shift-1_img4_optC_20260512_052839.webp?tr=f-auto,q-auto"
"25 Jun 2022 Shift 1","JEE_MAIN","","9d2031ed-8cab-48fc-bf61-5d445e2967b8","42","7d619063-85e3-4cb7-bf1c-d5d558ae29c3","25_jun_s1_optfix_25-jun-2022-shift-1_img5_optD_20260512_052840.webp","https://ik.imagekit.io/kdm0ytilx/pattern-master/25_jun_s1_optfix_25-jun-2022-shift-1_img5_optD_20260512_052840.webp?tr=f-auto,q-auto"
"25 Jun 2022 Shift 1","JEE_MAIN","","9d2031ed-8cab-48fc-bf61-5d445e2967b8","42","7d619063-85e3-4cb7-bf1c-d5d558ae29c3","25_jun_s1_optfix_25-jun-2022-shift-1_img6_explanation_20260512_052841.webp","https://ik.imagekit.io/kdm0ytilx/pattern-master/25_jun_s1_optfix_25-jun-2022-shift-1_img6_explanation_20260512_052841.webp?tr=f-auto,q-auto"
"25 Jun 2022 Shift 1","JEE_MAIN","","9d2031ed-8cab-48fc-bf61-5d445e2967b8","42","7d619063-85e3-4cb7-bf1c-d5d558ae29c3","25_jun_s1_optfix_25-jun-2022-shift-1_img3_optB_20260512_052839.webp","https://ik.imagekit.io/kdm0ytilx/pattern-master/25_jun_s1_optfix_25-jun-2022-shift-1_img3_optB_20260512_052839.webp?tr=f-auto,q-auto"
"25 Jun 2022 Shift 1","JEE_MAIN","","9d2031ed-8cab-48fc-bf61-5d445e2967b8","42","7d619063-85e3-4cb7-bf1c-d5d558ae29c3","25_jun_s1_optfix_25-jun-2022-shift-1_img1_explanation_20260512_052844.webp","https://ik.imagekit.io/kdm0ytilx/pattern-master/25_jun_s1_optfix_25-jun-2022-shift-1_img1_explanation_20260512_052844.webp?tr=f-auto,q-auto"
"25 Jun 2022 Shift 1","JEE_MAIN","","9d2031ed-8cab-48fc-bf61-5d445e2967b8","42","7d619063-85e3-4cb7-bf1c-d5d558ae29c3","25_jun_s1_optfix_25-jun-2022-shift-1_img1_explanation_20260512_052845.webp","https://ik.imagekit.io/kdm0ytilx/pattern-master/25_jun_s1_optfix_25-jun-2022-shift-1_img1_explanation_20260512_052845.webp?tr=f-auto,q-auto"
"17 Mar 2021 Shift 2","JEE_MAIN","","2196580f-fa7c-47bb-a445-bd658c75dd14","61","9c7a9b2e-96f1-42c7-9c9f-263895e16836","17_mar_s2_mathematics_if-the-integral-010-sin-2-pi-xe_img1_20260512_011722.webp","https://ik.imagekit.io/kdm0ytilx/pattern-master/17_mar_s2_mathematics_if-the-integral-010-sin-2-pi-xe_img1_20260512_011722.webp?tr=f-auto,q-auto"
"17 Mar 2021 Shift 2","JEE_MAIN","","2196580f-fa7c-47bb-a445-bd658c75dd14","83","319688d6-3a25-4f6c-b50a-62d851c84cec","17_mar_s2_mathematics_let-tan-alpha-tan-beta-and-tan-gamma-alpha-beta-_img1_20260512_011739.webp","https://ik.imagekit.io/kdm0ytilx/pattern-master/17_mar_s2_mathematics_let-tan-alpha-tan-beta-and-tan-gamma-alpha-beta-_img1_20260512_011739.webp?tr=f-auto,q-auto"
"13 Apr 2023 Shift 2","JEE_MAIN","","2562e747-70df-4a54-a677-1261388afe3d","79","83a279c7-a8c2-4553-9724-88ba19e8164d","13_apr_s2_mathematics_let-alpha-beta-be-the-centroid-of-the_img1_20260511_203844.webp","https://ik.imagekit.io/kdm0ytilx/pattern-master/13_apr_s2_mathematics_let-alpha-beta-be-the-centroid-of-the_img1_20260511_203844.webp?tr=f-auto,q-auto"
"12 Apr 2023 Shift 1","JEE_MAIN","","0e973b47-c642-4eeb-99b0-ae237434855f","72","37caf21f-4f3d-43c3-891c-a4b2dc966994","12_apr_s1_mathematics_if-the-point-alpha-7-sqrt33-lies-o_img1_20260511_203225.webp","https://ik.imagekit.io/kdm0ytilx/pattern-master/12_apr_s1_mathematics_if-the-point-alpha-7-sqrt33-lies-o_img1_20260511_203225.webp?tr=f-auto,q-auto"
"27 Jul 2021 Shift 1","JEE_MAIN","","1cbf548e-8088-4a65-9159-088303d2515a","71","da68fa3e-d755-42a4-878f-92e6934a15d2","27_jul_s1_mathematics_let-f-fracpi4-fracpi4-r-be-defin_img1_20260512_012505.webp","https://ik.imagekit.io/kdm0ytilx/pattern-master/27_jul_s1_mathematics_let-f-fracpi4-fracpi4-r-be-defin_img1_20260512_012505.webp?tr=f-auto,q-auto"
"26 Aug 2021 Shift 2","JEE_MAIN","","546dd60e-279e-438f-ac93-ce8ee3bc3364","72","53d54961-feaf-417f-aa94-1f02e2ef34ff","26_aug_s2_mathematics_the-value-of-2-sin-fracpi8-sin-_img1_20260512_012749.webp","https://ik.imagekit.io/kdm0ytilx/pattern-master/26_aug_s2_mathematics_the-value-of-2-sin-fracpi8-sin-_img1_20260512_012749.webp?tr=f-auto,q-auto"
"25 Feb 2021 Shift 1","JEE_MAIN","","64264c90-36ac-43b6-b15a-a8e47dc4d235","65","e74a6fdd-7f97-47c7-8843-790e4a7ad338","25_feb_s1_mathematics_the-value-of-the-integral-sintheta_img1_20260512_010758.webp","https://ik.imagekit.io/kdm0ytilx/pattern-master/25_feb_s1_mathematics_the-value-of-the-integral-sintheta_img1_20260512_010758.webp?tr=f-auto,q-auto"
"JEE Main 2026 Jan 21 shift 2","JEE_MAIN","","b44085c8-575c-42f6-9920-b776a4d4c872","4","b48ddfd4-2d0c-4d99-b0d1-6019086562fd","cracku/the-charge-stored-by-the-capacitor_img1.png","https://ik.imagekit.io/kdm0ytilx/pattern-master/cracku/the-charge-stored-by-the-capacitor_img1.png?tr=f-auto,q-auto"
"JEE Main 2026 Jan 21 shift 2","JEE_MAIN","","b44085c8-575c-42f6-9920-b776a4d4c872","8","fa95bcc1-3cab-4aa6-b897-c857d21f7570","cracku/an-infinitely-long-straight-wire-ca_img1.png","https://ik.imagekit.io/kdm0ytilx/pattern-master/cracku/an-infinitely-long-straight-wire-ca_img1.png?tr=f-auto,q-auto"
"JEE Main 2026 Jan 21 shift 2","JEE_MAIN","","b44085c8-575c-42f6-9920-b776a4d4c872","11","459f82bd-69da-472a-aa2c-536f94d9b796","cracku/as-shown-in-the-diagram-when-the-in_img1.png","https://ik.imagekit.io/kdm0ytilx/pattern-master/cracku/as-shown-in-the-diagram-when-the-in_img1.png?tr=f-auto,q-auto"
"JEE Main 2026 Jan 21 shift 2","JEE_MAIN","","b44085c8-575c-42f6-9920-b776a4d4c872","12","b8f6cf17-1672-4005-9d80-462b6bf94d61","cracku/a-large-drum-having-radius-r-is-spi_img1.png","https://ik.imagekit.io/kdm0ytilx/pattern-master/cracku/a-large-drum-having-radius-r-is-spi_img1.png?tr=f-auto,q-auto"
"JEE Main 2026 Jan 21 shift 2","JEE_MAIN","","b44085c8-575c-42f6-9920-b776a4d4c872","14","04182952-7c71-47a9-96a6-6d24daf13098","cracku/the-pulley-shown-in-the-figure-is-m_img1.png","https://ik.imagekit.io/kdm0ytilx/pattern-master/cracku/the-pulley-shown-in-the-figure-is-m_img1.png?tr=f-auto,q-auto"
"JEE Main 2026 Jan 21 shift 2","JEE_MAIN","","b44085c8-575c-42f6-9920-b776a4d4c872","17","a839a889-e5ce-45f6-8737-9fa8dc1d7931","cracku/two-known-resistances-of-r-omega-an_img1.png","https://ik.imagekit.io/kdm0ytilx/pattern-master/cracku/two-known-resistances-of-r-omega-an_img1.png?tr=f-auto,q-auto"
"JEE Main 2026 Jan 21 shift 2","JEE_MAIN","","b44085c8-575c-42f6-9920-b776a4d4c872","18","3ed32b3c-d67c-4c57-bba8-0f8848a618ce","cracku/the-total-length-of-potentiometer-w_img1.png","https://ik.imagekit.io/kdm0ytilx/pattern-master/cracku/the-total-length-of-potentiometer-w_img1.png?tr=f-auto,q-auto"
"JEE Main 2026 Jan 21 shift 2","JEE_MAIN","","b44085c8-575c-42f6-9920-b776a4d4c872","25","5944c668-0aae-40f0-9504-99061eb7ae4c","cracku/the-correct-order-of-reactivity-of_img1.png","https://ik.imagekit.io/kdm0ytilx/pattern-master/cracku/the-correct-order-of-reactivity-of_img1.png?tr=f-auto,q-auto"
"JEE Main 2026 Jan 21 shift 2","JEE_MAIN","","b44085c8-575c-42f6-9920-b776a4d4c872","30","93ef0823-de2d-40fc-bfa3-6591cf73f940","cracku/for-a-closed-circuit-daniell-cell-w_opta_img1.png","https://ik.imagekit.io/kdm0ytilx/pattern-master/cracku/for-a-closed-circuit-daniell-cell-w_opta_img1.png?tr=f-auto,q-auto"
"JEE Main 2026 Jan 21 shift 2","JEE_MAIN","","b44085c8-575c-42f6-9920-b776a4d4c872","30","93ef0823-de2d-40fc-bfa3-6591cf73f940","cracku/for-a-closed-circuit-daniell-cell-w_optb_img2.png","https://ik.imagekit.io/kdm0ytilx/pattern-master/cracku/for-a-closed-circuit-daniell-cell-w_optb_img2.png?tr=f-auto,q-auto"
"JEE Main 2026 Jan 21 shift 2","JEE_MAIN","","b44085c8-575c-42f6-9920-b776a4d4c872","30","93ef0823-de2d-40fc-bfa3-6591cf73f940","cracku/for-a-closed-circuit-daniell-cell-w_optc_img3.png","https://ik.imagekit.io/kdm0ytilx/pattern-master/cracku/for-a-closed-circuit-daniell-cell-w_optc_img3.png?tr=f-auto,q-auto"
"JEE Main 2026 Jan 21 shift 2","JEE_MAIN","","b44085c8-575c-42f6-9920-b776a4d4c872","30","93ef0823-de2d-40fc-bfa3-6591cf73f940","cracku/for-a-closed-circuit-daniell-cell-w_optd_img4.png","https://ik.imagekit.io/kdm0ytilx/pattern-master/cracku/for-a-closed-circuit-daniell-cell-w_optd_img4.png?tr=f-auto,q-auto"
"JEE Main 2026 Jan 21 shift 2","JEE_MAIN","","b44085c8-575c-42f6-9920-b776a4d4c872","50","ec7df817-73ac-401d-9f6c-28856c194825","cracku/let-alpha-and-beta-be-the-roots-of_exp_img1.png","https://ik.imagekit.io/kdm0ytilx/pattern-master/cracku/let-alpha-and-beta-be-the-roots-of_exp_img1.png?tr=f-auto,q-auto"
"24 Jun 2022 Shift 1","JEE_MAIN","","b7e46fc2-5806-4b6c-a583-391fc7777ca1","45","3740d76b-564f-496a-b94a-27782854a4a9","24_jun_s1_optfix_24-jun-2022-shift-1_img1_explanation_20260512_052239.webp","https://ik.imagekit.io/kdm0ytilx/pattern-master/24_jun_s1_optfix_24-jun-2022-shift-1_img1_explanation_20260512_052239.webp?tr=f-auto,q-auto"
"24 Jun 2022 Shift 1","JEE_MAIN","","b7e46fc2-5806-4b6c-a583-391fc7777ca1","45","3740d76b-564f-496a-b94a-27782854a4a9","24_jun_s1_optfix_24-jun-2022-shift-1_img2_explanation_20260512_052240.webp","https://ik.imagekit.io/kdm0ytilx/pattern-master/24_jun_s1_optfix_24-jun-2022-shift-1_img2_explanation_20260512_052240.webp?tr=f-auto,q-auto"
"24 Jun 2022 Shift 1","JEE_MAIN","","b7e46fc2-5806-4b6c-a583-391fc7777ca1","45","3740d76b-564f-496a-b94a-27782854a4a9","24_jun_s1_optfix_24-jun-2022-shift-1_img1_explanation_20260512_052241.webp","https://ik.imagekit.io/kdm0ytilx/pattern-master/24_jun_s1_optfix_24-jun-2022-shift-1_img1_explanation_20260512_052241.webp?tr=f-auto,q-auto"
"24 Jun 2022 Shift 1","JEE_MAIN","","b7e46fc2-5806-4b6c-a583-391fc7777ca1","45","3740d76b-564f-496a-b94a-27782854a4a9","24_jun_s1_optfix_24-jun-2022-shift-1_img1_explanation_20260512_052244.webp","https://ik.imagekit.io/kdm0ytilx/pattern-master/24_jun_s1_optfix_24-jun-2022-shift-1_img1_explanation_20260512_052244.webp?tr=f-auto,q-auto"
"24 Jun 2022 Shift 1","JEE_MAIN","","b7e46fc2-5806-4b6c-a583-391fc7777ca1","45","3740d76b-564f-496a-b94a-27782854a4a9","24_jun_s1_optfix_24-jun-2022-shift-1_img1_explanation_20260512_052249.webp","https://ik.imagekit.io/kdm0ytilx/pattern-master/24_jun_s1_optfix_24-jun-2022-shift-1_img1_explanation_20260512_052249.webp?tr=f-auto,q-auto"
"24 Jun 2022 Shift 1","JEE_MAIN","","b7e46fc2-5806-4b6c-a583-391fc7777ca1","45","3740d76b-564f-496a-b94a-27782854a4a9","24_jun_s1_optfix_24-jun-2022-shift-1_img1_explanation_20260512_052252.webp","https://ik.imagekit.io/kdm0ytilx/pattern-master/24_jun_s1_optfix_24-jun-2022-shift-1_img1_explanation_20260512_052252.webp?tr=f-auto,q-auto"
"24 Jun 2022 Shift 1","JEE_MAIN","","b7e46fc2-5806-4b6c-a583-391fc7777ca1","45","3740d76b-564f-496a-b94a-27782854a4a9","24_jun_s1_optfix_24-jun-2022-shift-1_img1_explanation_20260512_052253.webp","https://ik.imagekit.io/kdm0ytilx/pattern-master/24_jun_s1_optfix_24-jun-2022-shift-1_img1_explanation_20260512_052253.webp?tr=f-auto,q-auto"
"24 Jun 2022 Shift 1","JEE_MAIN","","b7e46fc2-5806-4b6c-a583-391fc7777ca1","45","3740d76b-564f-496a-b94a-27782854a4a9","24_jun_s1_optfix_24-jun-2022-shift-1_img1_20260512_052257.webp","https://ik.imagekit.io/kdm0ytilx/pattern-master/24_jun_s1_optfix_24-jun-2022-shift-1_img1_20260512_052257.webp?tr=f-auto,q-auto"
"24 Jun 2022 Shift 1","JEE_MAIN","","b7e46fc2-5806-4b6c-a583-391fc7777ca1","45","3740d76b-564f-496a-b94a-27782854a4a9","24_jun_s1_optfix_24-jun-2022-shift-1_img1_20260512_052259.webp","https://ik.imagekit.io/kdm0ytilx/pattern-master/24_jun_s1_optfix_24-jun-2022-shift-1_img1_20260512_052259.webp?tr=f-auto,q-auto"
"24 Jun 2022 Shift 1","JEE_MAIN","","b7e46fc2-5806-4b6c-a583-391fc7777ca1","45","3740d76b-564f-496a-b94a-27782854a4a9","24_jun_s1_optfix_24-jun-2022-shift-1_img1_20260512_052301.webp","https://ik.imagekit.io/kdm0ytilx/pattern-master/24_jun_s1_optfix_24-jun-2022-shift-1_img1_20260512_052301.webp?tr=f-auto,q-auto"
"28 Jul 2022 Shift 1","JEE_MAIN","","4b2c26ad-23fe-4107-b9e2-aa249e934395","66","d45c4337-5727-4ae2-9ba9-65abb5ab4e40","28_jul_s1_mathematics_for-textt-02-pi-if-textabc-is-a_img1_20260512_000924.webp","https://ik.imagekit.io/kdm0ytilx/pattern-master/28_jul_s1_mathematics_for-textt-02-pi-if-textabc-is-a_img1_20260512_000924.webp?tr=f-auto,q-auto"
"16 Mar 2021 Shift 1","JEE_MAIN","","a4c8b376-a905-4c35-a20f-1814e44f06e6","61","18bff836-a877-4f80-9a77-fa0b1a86bf2d","16_mar_s1_mathematics_let-a-vector-alpha-ibeta-j-be-obtaine_img1_20260512_011428.webp","https://ik.imagekit.io/kdm0ytilx/pattern-master/16_mar_s1_mathematics_let-a-vector-alpha-ibeta-j-be-obtaine_img1_20260512_011428.webp?tr=f-auto,q-auto"
"16 Mar 2021 Shift 1","JEE_MAIN","","a4c8b376-a905-4c35-a20f-1814e44f06e6","61","18bff836-a877-4f80-9a77-fa0b1a86bf2d","16_mar_s1_mathematics_let-a-vector-alpha-ibeta-j-be-obtaine_img2_20260512_011428.webp","https://ik.imagekit.io/kdm0ytilx/pattern-master/16_mar_s1_mathematics_let-a-vector-alpha-ibeta-j-be-obtaine_img2_20260512_011428.webp?tr=f-auto,q-auto"
"17 Mar 2021 Shift 1","JEE_MAIN","","985cbfab-05d0-424b-820d-e092666a3e78","64","05b272fe-9133-4804-bbf2-dd2206adc162","17_mar_s1_mathematics_if-cot-1alphacot-1-2cot-1-8cot-1-1_img1_20260512_011633.webp","https://ik.imagekit.io/kdm0ytilx/pattern-master/17_mar_s1_mathematics_if-cot-1alphacot-1-2cot-1-8cot-1-1_img1_20260512_011633.webp?tr=f-auto,q-auto"
"25 Jul 2022 Shift 2","JEE_MAIN","","af15e1f7-d0e9-421c-bfc0-bf3e4c69d516","69","4ed98b28-ca6f-404c-be91-b14309d53983","25_jul_s2_mathematics_let-the-point-palpha-beta-be-at-a-uni_img1_20260512_000013.webp","https://ik.imagekit.io/kdm0ytilx/pattern-master/25_jul_s2_mathematics_let-the-point-palpha-beta-be-at-a-uni_img1_20260512_000013.webp?tr=f-auto,q-auto"
"18 Mar 2021 Shift 2","JEE_MAIN","","8f86814e-4602-4f12-a362-e83fb13f22fb","6","b8bb1798-939a-4942-95d7-0efb192abfd5","18_mar_s2_optfix_the-velocity-displacement-grap_img1_20260512_082626.webp","https://ik.imagekit.io/kdm0ytilx/pattern-master/18_mar_s2_optfix_the-velocity-displacement-grap_img1_20260512_082626.webp?tr=f-auto,q-auto"
"18 Mar 2021 Shift 2","JEE_MAIN","","8f86814e-4602-4f12-a362-e83fb13f22fb","6","b8bb1798-939a-4942-95d7-0efb192abfd5","18_mar_s2_optfix_the-velocity-displacement-grap_img2_optA_20260512_082630.webp","https://ik.imagekit.io/kdm0ytilx/pattern-master/18_mar_s2_optfix_the-velocity-displacement-grap_img2_optA_20260512_082630.webp?tr=f-auto,q-auto"
"18 Mar 2021 Shift 2","JEE_MAIN","","8f86814e-4602-4f12-a362-e83fb13f22fb","6","b8bb1798-939a-4942-95d7-0efb192abfd5","18_mar_s2_optfix_the-velocity-displacement-grap_img3_optB_20260512_082631.webp","https://ik.imagekit.io/kdm0ytilx/pattern-master/18_mar_s2_optfix_the-velocity-displacement-grap_img3_optB_20260512_082631.webp?tr=f-auto,q-auto"
"18 Mar 2021 Shift 2","JEE_MAIN","","8f86814e-4602-4f12-a362-e83fb13f22fb","6","b8bb1798-939a-4942-95d7-0efb192abfd5","18_mar_s2_optfix_the-velocity-displacement-grap_img4_optC_20260512_082631.webp","https://ik.imagekit.io/kdm0ytilx/pattern-master/18_mar_s2_optfix_the-velocity-displacement-grap_img4_optC_20260512_082631.webp?tr=f-auto,q-auto"
"18 Mar 2021 Shift 2","JEE_MAIN","","8f86814e-4602-4f12-a362-e83fb13f22fb","6","b8bb1798-939a-4942-95d7-0efb192abfd5","18_mar_s2_optfix_the-velocity-displacement-grap_img5_optD_20260512_082632.webp","https://ik.imagekit.io/kdm0ytilx/pattern-master/18_mar_s2_optfix_the-velocity-displacement-grap_img5_optD_20260512_082632.webp?tr=f-auto,q-auto"
"18 Mar 2021 Shift 2","JEE_MAIN","","8f86814e-4602-4f12-a362-e83fb13f22fb","8","89b455c5-1f9f-4bf2-b676-cd1f2eaf9493","18_mar_s2_optfix_three-rays-of-light-namely-red_img1_20260512_082626.webp","https://ik.imagekit.io/kdm0ytilx/pattern-master/18_mar_s2_optfix_three-rays-of-light-namely-red_img1_20260512_082626.webp?tr=f-auto,q-auto"
"18 Mar 2021 Shift 2","JEE_MAIN","","8f86814e-4602-4f12-a362-e83fb13f22fb","14","8f90cdb0-c120-4bfe-a99d-f9be432538ea","18_mar_s2_optfix_a-solid-cylinder-of-mass-m-is-_img1_20260512_082620.webp","https://ik.imagekit.io/kdm0ytilx/pattern-master/18_mar_s2_optfix_a-solid-cylinder-of-mass-m-is-_img1_20260512_082620.webp?tr=f-auto,q-auto"
"18 Mar 2021 Shift 2","JEE_MAIN","","8f86814e-4602-4f12-a362-e83fb13f22fb","16","e4bde262-3bea-45e2-b642-7b631c98ce8a","18_mar_s2_optfix_a-particle-of-mass-m-moves-in-_img1_optA_20260512_082626.webp","https://ik.imagekit.io/kdm0ytilx/pattern-master/18_mar_s2_optfix_a-particle-of-mass-m-moves-in-_img1_optA_20260512_082626.webp?tr=f-auto,q-auto"
"18 Mar 2021 Shift 2","JEE_MAIN","","8f86814e-4602-4f12-a362-e83fb13f22fb","16","e4bde262-3bea-45e2-b642-7b631c98ce8a","18_mar_s2_optfix_a-particle-of-mass-m-moves-in-_img2_optB_20260512_082630.webp","https://ik.imagekit.io/kdm0ytilx/pattern-master/18_mar_s2_optfix_a-particle-of-mass-m-moves-in-_img2_optB_20260512_082630.webp?tr=f-auto,q-auto"
"18 Mar 2021 Shift 2","JEE_MAIN","","8f86814e-4602-4f12-a362-e83fb13f22fb","16","e4bde262-3bea-45e2-b642-7b631c98ce8a","18_mar_s2_optfix_a-particle-of-mass-m-moves-in-_img3_optC_20260512_082631.webp","https://ik.imagekit.io/kdm0ytilx/pattern-master/18_mar_s2_optfix_a-particle-of-mass-m-moves-in-_img3_optC_20260512_082631.webp?tr=f-auto,q-auto"
"18 Mar 2021 Shift 2","JEE_MAIN","","8f86814e-4602-4f12-a362-e83fb13f22fb","16","e4bde262-3bea-45e2-b642-7b631c98ce8a","18_mar_s2_optfix_a-particle-of-mass-m-moves-in-_img4_optD_20260512_082631.webp","https://ik.imagekit.io/kdm0ytilx/pattern-master/18_mar_s2_optfix_a-particle-of-mass-m-moves-in-_img4_optD_20260512_082631.webp?tr=f-auto,q-auto"
"18 Mar 2021 Shift 2","JEE_MAIN","","8f86814e-4602-4f12-a362-e83fb13f22fb","20","5f9af9ec-f353-4e86-af8f-9410be91905e","18_mar_s2_optfix_the-projectile-motion-of-a-par_img1_20260512_082626.webp","https://ik.imagekit.io/kdm0ytilx/pattern-master/18_mar_s2_optfix_the-projectile-motion-of-a-par_img1_20260512_082626.webp?tr=f-auto,q-auto"
"18 Mar 2021 Shift 2","JEE_MAIN","","8f86814e-4602-4f12-a362-e83fb13f22fb","22","70b7e302-23a0-458c-b9d3-5658f6ae20ef","18_mar_s2_optfix_the-typical-output-characteris_img1_20260512_082630.webp","https://ik.imagekit.io/kdm0ytilx/pattern-master/18_mar_s2_optfix_the-typical-output-characteris_img1_20260512_082630.webp?tr=f-auto,q-auto"
"18 Mar 2021 Shift 2","JEE_MAIN","","8f86814e-4602-4f12-a362-e83fb13f22fb","23","7be8f0a0-d366-4d23-b9be-1c4bdfe2edc3","18_mar_s2_optfix_consider-a-water-tank-as-shown_img1_20260512_082630.webp","https://ik.imagekit.io/kdm0ytilx/pattern-master/18_mar_s2_optfix_consider-a-water-tank-as-shown_img1_20260512_082630.webp?tr=f-auto,q-auto"
"18 Mar 2021 Shift 2","JEE_MAIN","","8f86814e-4602-4f12-a362-e83fb13f22fb","27","cfab8e2d-32d8-4e07-9ef9-6c27446f290b","18_mar_s2_optfix_consider-a-72-cm-long-wire-a-b_img1_20260512_082631.webp","https://ik.imagekit.io/kdm0ytilx/pattern-master/18_mar_s2_optfix_consider-a-72-cm-long-wire-a-b_img1_20260512_082631.webp?tr=f-auto,q-auto"
"18 Mar 2021 Shift 2","JEE_MAIN","","8f86814e-4602-4f12-a362-e83fb13f22fb","34","e67effd7-2821-4702-9e5e-8cda30893690","18_mar_s2_optfix_main-products-formed-during-a-_img1_optA_20260512_082637.webp","https://ik.imagekit.io/kdm0ytilx/pattern-master/18_mar_s2_optfix_main-products-formed-during-a-_img1_optA_20260512_082637.webp?tr=f-auto,q-auto"
"18 Mar 2021 Shift 2","JEE_MAIN","","8f86814e-4602-4f12-a362-e83fb13f22fb","34","e67effd7-2821-4702-9e5e-8cda30893690","18_mar_s2_optfix_main-products-formed-during-a-_img2_optB_20260512_082637.webp","https://ik.imagekit.io/kdm0ytilx/pattern-master/18_mar_s2_optfix_main-products-formed-during-a-_img2_optB_20260512_082637.webp?tr=f-auto,q-auto"
"18 Mar 2021 Shift 2","JEE_MAIN","","8f86814e-4602-4f12-a362-e83fb13f22fb","34","e67effd7-2821-4702-9e5e-8cda30893690","18_mar_s2_optfix_main-products-formed-during-a-_img3_optC_20260512_082637.webp","https://ik.imagekit.io/kdm0ytilx/pattern-master/18_mar_s2_optfix_main-products-formed-during-a-_img3_optC_20260512_082637.webp?tr=f-auto,q-auto"
"18 Mar 2021 Shift 2","JEE_MAIN","","8f86814e-4602-4f12-a362-e83fb13f22fb","34","e67effd7-2821-4702-9e5e-8cda30893690","18_mar_s2_optfix_main-products-formed-during-a-_img4_optD_20260512_082637.webp","https://ik.imagekit.io/kdm0ytilx/pattern-master/18_mar_s2_optfix_main-products-formed-during-a-_img4_optD_20260512_082637.webp?tr=f-auto,q-auto"
"18 Mar 2021 Shift 2","JEE_MAIN","","8f86814e-4602-4f12-a362-e83fb13f22fb","40","55c446bf-b071-45de-bef7-112ad9b85205","18_mar_s2_optfix_consider-the-given-reaction-pe_img1_20260512_082704.webp","https://ik.imagekit.io/kdm0ytilx/pattern-master/18_mar_s2_optfix_consider-the-given-reaction-pe_img1_20260512_082704.webp?tr=f-auto,q-auto"
"18 Mar 2021 Shift 2","JEE_MAIN","","8f86814e-4602-4f12-a362-e83fb13f22fb","43","34c634b1-427a-4da4-bbb1-616a5844a901","18_mar_s2_optfix_consider-the-above-reaction-th_img1_20260512_082705.webp","https://ik.imagekit.io/kdm0ytilx/pattern-master/18_mar_s2_optfix_consider-the-above-reaction-th_img1_20260512_082705.webp?tr=f-auto,q-auto"
"18 Mar 2021 Shift 2","JEE_MAIN","","8f86814e-4602-4f12-a362-e83fb13f22fb","43","34c634b1-427a-4da4-bbb1-616a5844a901","18_mar_s2_optfix_consider-the-above-reaction-th_img2_optA_20260512_082705.webp","https://ik.imagekit.io/kdm0ytilx/pattern-master/18_mar_s2_optfix_consider-the-above-reaction-th_img2_optA_20260512_082705.webp?tr=f-auto,q-auto"
"18 Mar 2021 Shift 2","JEE_MAIN","","8f86814e-4602-4f12-a362-e83fb13f22fb","43","34c634b1-427a-4da4-bbb1-616a5844a901","18_mar_s2_optfix_consider-the-above-reaction-th_img3_optB_20260512_082706.webp","https://ik.imagekit.io/kdm0ytilx/pattern-master/18_mar_s2_optfix_consider-the-above-reaction-th_img3_optB_20260512_082706.webp?tr=f-auto,q-auto"
"18 Mar 2021 Shift 2","JEE_MAIN","","8f86814e-4602-4f12-a362-e83fb13f22fb","43","34c634b1-427a-4da4-bbb1-616a5844a901","18_mar_s2_optfix_consider-the-above-reaction-th_img4_optC_20260512_082706.webp","https://ik.imagekit.io/kdm0ytilx/pattern-master/18_mar_s2_optfix_consider-the-above-reaction-th_img4_optC_20260512_082706.webp?tr=f-auto,q-auto"
"18 Mar 2021 Shift 2","JEE_MAIN","","8f86814e-4602-4f12-a362-e83fb13f22fb","43","34c634b1-427a-4da4-bbb1-616a5844a901","18_mar_s2_optfix_consider-the-above-reaction-th_img5_optD_20260512_082707.webp","https://ik.imagekit.io/kdm0ytilx/pattern-master/18_mar_s2_optfix_consider-the-above-reaction-th_img5_optD_20260512_082707.webp?tr=f-auto,q-auto"
"18 Mar 2021 Shift 2","JEE_MAIN","","8f86814e-4602-4f12-a362-e83fb13f22fb","48","d4dc39c0-6030-43bd-90a1-4d8675b49db2","18_mar_s2_optfix_in-the-following-molecules-hyb_img1_20260512_082705.webp","https://ik.imagekit.io/kdm0ytilx/pattern-master/18_mar_s2_optfix_in-the-following-molecules-hyb_img1_20260512_082705.webp?tr=f-auto,q-auto"
"18 Mar 2021 Shift 2","JEE_MAIN","","8f86814e-4602-4f12-a362-e83fb13f22fb","59","508bc7da-6a5d-4d19-9b6c-e6829eb7b364","18_mar_s2_optfix_consider-the-above-reaction-wh_img1_20260512_082709.webp","https://ik.imagekit.io/kdm0ytilx/pattern-master/18_mar_s2_optfix_consider-the-above-reaction-wh_img1_20260512_082709.webp?tr=f-auto,q-auto"
"NEET 2024","NEET","","7bda5dd1-471b-4fd8-a204-e96e587f39e7","3","22b3c6c1-4232-43fd-938e-a735e0604585","q3_ages_content_2025_07_16_2Fhome2Fub_73d0eb3b1752669750729_png.png","https://ik.imagekit.io/kdm0ytilx/pattern-master/q3_ages_content_2025_07_16_2Fhome2Fub_73d0eb3b1752669750729_png.png?tr=f-auto,q-auto"
"NEET 2024","NEET","","7bda5dd1-471b-4fd8-a204-e96e587f39e7","3","22b3c6c1-4232-43fd-938e-a735e0604585","q3_exp_ages_content_2025_07_16_2Fhome2Fub_bd98c47b1752669751035_png.png","https://ik.imagekit.io/kdm0ytilx/pattern-master/q3_exp_ages_content_2025_07_16_2Fhome2Fub_bd98c47b1752669751035_png.png?tr=f-auto,q-auto"
"NEET 2024","NEET","","7bda5dd1-471b-4fd8-a204-e96e587f39e7","4","fe11d691-374a-43ad-803a-f667ea1c71bb","q4_ages_content_2025_07_16_2Fhome2Fub_705d55a31752669751300_png.png","https://ik.imagekit.io/kdm0ytilx/pattern-master/q4_ages_content_2025_07_16_2Fhome2Fub_705d55a31752669751300_png.png?tr=f-auto,q-auto"
"NEET 2024","NEET","","7bda5dd1-471b-4fd8-a204-e96e587f39e7","5","f29895dc-c3b9-42e2-9017-9db26a6d5833","q5_exp_ages_content_2025_07_16_2Fhome2Fub_59e84f321752669752564_png.png","https://ik.imagekit.io/kdm0ytilx/pattern-master/q5_exp_ages_content_2025_07_16_2Fhome2Fub_59e84f321752669752564_png.png?tr=f-auto,q-auto"
"NEET 2024","NEET","","7bda5dd1-471b-4fd8-a204-e96e587f39e7","6","a5e96771-531f-41c8-a139-37791585ee46","q6_ages_content_2025_07_16_2Fhome2Fub_f7eccf6a1752669752911_png.png","https://ik.imagekit.io/kdm0ytilx/pattern-master/q6_ages_content_2025_07_16_2Fhome2Fub_f7eccf6a1752669752911_png.png?tr=f-auto,q-auto"
"NEET 2024","NEET","","7bda5dd1-471b-4fd8-a204-e96e587f39e7","9","1ec1791e-10b6-43f8-92e3-9f35122f68e5","q9_opt0_ages_content_2025_07_16_2Fhome2Fub_ba0d60941752669754979_png.png","https://ik.imagekit.io/kdm0ytilx/pattern-master/q9_opt0_ages_content_2025_07_16_2Fhome2Fub_ba0d60941752669754979_png.png?tr=f-auto,q-auto"
"NEET 2024","NEET","","7bda5dd1-471b-4fd8-a204-e96e587f39e7","9","1ec1791e-10b6-43f8-92e3-9f35122f68e5","q9_opt1_ages_content_2025_07_16_2Fhome2Fub_3d9deae31752669755052_png.png","https://ik.imagekit.io/kdm0ytilx/pattern-master/q9_opt1_ages_content_2025_07_16_2Fhome2Fub_3d9deae31752669755052_png.png?tr=f-auto,q-auto"
"NEET 2024","NEET","","7bda5dd1-471b-4fd8-a204-e96e587f39e7","9","1ec1791e-10b6-43f8-92e3-9f35122f68e5","q9_opt2_ages_content_2025_07_16_2Fhome2Fub_d81abf501752669755156_png.png","https://ik.imagekit.io/kdm0ytilx/pattern-master/q9_opt2_ages_content_2025_07_16_2Fhome2Fub_d81abf501752669755156_png.png?tr=f-auto,q-auto"
"NEET 2024","NEET","","7bda5dd1-471b-4fd8-a204-e96e587f39e7","9","1ec1791e-10b6-43f8-92e3-9f35122f68e5","q9_opt3_ages_content_2025_07_16_2Fhome2Fub_a60b74fb1752669755316_png.png","https://ik.imagekit.io/kdm0ytilx/pattern-master/q9_opt3_ages_content_2025_07_16_2Fhome2Fub_a60b74fb1752669755316_png.png?tr=f-auto,q-auto"
"NEET 2024","NEET","","7bda5dd1-471b-4fd8-a204-e96e587f39e7","11","0e7d8b92-3ab0-4305-ba81-996d3eaf0eb9","q11_exp_ages_content_2025_07_16_2Fhome2Fub_a8d488b41752669755593_png.png","https://ik.imagekit.io/kdm0ytilx/pattern-master/q11_exp_ages_content_2025_07_16_2Fhome2Fub_a8d488b41752669755593_png.png?tr=f-auto,q-auto"
"NEET 2024","NEET","","7bda5dd1-471b-4fd8-a204-e96e587f39e7","12","2d118ef0-ce19-4e2a-9c1c-1969d7bc1170","q12_ages_content_2025_07_16_2Fhome2Fub_5911f4901752669755985_png.png","https://ik.imagekit.io/kdm0ytilx/pattern-master/q12_ages_content_2025_07_16_2Fhome2Fub_5911f4901752669755985_png.png?tr=f-auto,q-auto"
"NEET 2024","NEET","","7bda5dd1-471b-4fd8-a204-e96e587f39e7","12","2d118ef0-ce19-4e2a-9c1c-1969d7bc1170","q12_exp_ages_content_2025_07_16_2Fhome2Fub_88ba68e11752669756126_png.png","https://ik.imagekit.io/kdm0ytilx/pattern-master/q12_exp_ages_content_2025_07_16_2Fhome2Fub_88ba68e11752669756126_png.png?tr=f-auto,q-auto"
"NEET 2024","NEET","","7bda5dd1-471b-4fd8-a204-e96e587f39e7","13","aa50e3c7-c099-4205-bb9f-3430974baf7a","q13_ages_content_2025_07_16_2Fhome2Fub_975c822d1752669756309_png.png","https://ik.imagekit.io/kdm0ytilx/pattern-master/q13_ages_content_2025_07_16_2Fhome2Fub_975c822d1752669756309_png.png?tr=f-auto,q-auto"
"NEET 2024","NEET","","7bda5dd1-471b-4fd8-a204-e96e587f39e7","14","31db6ef8-32e1-47f4-ae36-4054e096c358","q14_ages_content_2025_07_16_2Fhome2Fub_4776aacd1752669756843_png.png","https://ik.imagekit.io/kdm0ytilx/pattern-master/q14_ages_content_2025_07_16_2Fhome2Fub_4776aacd1752669756843_png.png?tr=f-auto,q-auto"
"NEET 2024","NEET","","7bda5dd1-471b-4fd8-a204-e96e587f39e7","19","b609886e-9646-4795-a962-22a8ccc51b43","q19_ages_content_2025_07_16_2Fhome2Fub_f837518a1752669758797_png.png","https://ik.imagekit.io/kdm0ytilx/pattern-master/q19_ages_content_2025_07_16_2Fhome2Fub_f837518a1752669758797_png.png?tr=f-auto,q-auto"
"NEET 2024","NEET","","7bda5dd1-471b-4fd8-a204-e96e587f39e7","20","47f9c0ea-e808-40d2-9908-c4f9723bc09e","q20_ages_content_2025_07_16_2Fhome2Fub_e423aca61752669759944_png.png","https://ik.imagekit.io/kdm0ytilx/pattern-master/q20_ages_content_2025_07_16_2Fhome2Fub_e423aca61752669759944_png.png?tr=f-auto,q-auto"
"NEET 2024","NEET","","7bda5dd1-471b-4fd8-a204-e96e587f39e7","20","47f9c0ea-e808-40d2-9908-c4f9723bc09e","q20_exp_ages_content_2025_07_16_2Fhome2Fub_0200e8a81752669760216_png.png","https://ik.imagekit.io/kdm0ytilx/pattern-master/q20_exp_ages_content_2025_07_16_2Fhome2Fub_0200e8a81752669760216_png.png?tr=f-auto,q-auto"
"NEET 2024","NEET","","7bda5dd1-471b-4fd8-a204-e96e587f39e7","20","47f9c0ea-e808-40d2-9908-c4f9723bc09e","q20_exp_ages_content_2025_07_16_2Fhome2Fub_0200e8a81752669760216_png.png","https://ik.imagekit.io/kdm0ytilx/pattern-master/q20_exp_ages_content_2025_07_16_2Fhome2Fub_0200e8a81752669760216_png.png?tr=f-auto,q-auto"
"NEET 2024","NEET","","7bda5dd1-471b-4fd8-a204-e96e587f39e7","23","4d83dc1c-3422-4b22-99b9-0ca6b0c725ff","q23_ages_content_2025_07_16_2Fhome2Fub_4b8bb94f1752669761315_png.png","https://ik.imagekit.io/kdm0ytilx/pattern-master/q23_ages_content_2025_07_16_2Fhome2Fub_4b8bb94f1752669761315_png.png?tr=f-auto,q-auto"
"NEET 2024","NEET","","7bda5dd1-471b-4fd8-a204-e96e587f39e7","23","4d83dc1c-3422-4b22-99b9-0ca6b0c725ff","q23_exp_ages_content_2025_07_16_2Fhome2Fub_ccf108c71752669761401_png.png","https://ik.imagekit.io/kdm0ytilx/pattern-master/q23_exp_ages_content_2025_07_16_2Fhome2Fub_ccf108c71752669761401_png.png?tr=f-auto,q-auto"
"NEET 2024","NEET","","7bda5dd1-471b-4fd8-a204-e96e587f39e7","26","fe8e9fd7-e9c3-4ddc-a2bb-168dc34338e9","q26_exp_ages_content_2025_07_16_2Fhome2Fub_c6e2b0cc1752669762971_png.png","https://ik.imagekit.io/kdm0ytilx/pattern-master/q26_exp_ages_content_2025_07_16_2Fhome2Fub_c6e2b0cc1752669762971_png.png?tr=f-auto,q-auto"
"NEET 2024","NEET","","7bda5dd1-471b-4fd8-a204-e96e587f39e7","27","0f50e432-71a8-449d-8c76-29fff1095cab","q27_exp_ages_content_2025_07_16_2Fhome2Fub_7823b0611752669763300_png.png","https://ik.imagekit.io/kdm0ytilx/pattern-master/q27_exp_ages_content_2025_07_16_2Fhome2Fub_7823b0611752669763300_png.png?tr=f-auto,q-auto"
"NEET 2024","NEET","","7bda5dd1-471b-4fd8-a204-e96e587f39e7","28","7d0abcc7-3de6-4cc9-b8d7-8bfaa6db92b2","q28_exp_ages_content_2025_07_16_2Fhome2Fub_4d3827611752669763928_png.png","https://ik.imagekit.io/kdm0ytilx/pattern-master/q28_exp_ages_content_2025_07_16_2Fhome2Fub_4d3827611752669763928_png.png?tr=f-auto,q-auto"
"NEET 2024","NEET","","7bda5dd1-471b-4fd8-a204-e96e587f39e7","29","066e2124-641e-45c4-b8a4-97cf61ebada4","q29_ages_content_2025_07_16_2Fhome2Fub_0308a3831752669764081_png.png","https://ik.imagekit.io/kdm0ytilx/pattern-master/q29_ages_content_2025_07_16_2Fhome2Fub_0308a3831752669764081_png.png?tr=f-auto,q-auto"
"NEET 2024","NEET","","7bda5dd1-471b-4fd8-a204-e96e587f39e7","32","9cf8fcef-9fe4-4d8b-b35a-5aa059fe3b6a","q32_ages_content_2025_07_16_2Fhome2Fub_e71bfc621752669765795_png.png","https://ik.imagekit.io/kdm0ytilx/pattern-master/q32_ages_content_2025_07_16_2Fhome2Fub_e71bfc621752669765795_png.png?tr=f-auto,q-auto"
"NEET 2024","NEET","","7bda5dd1-471b-4fd8-a204-e96e587f39e7","32","9cf8fcef-9fe4-4d8b-b35a-5aa059fe3b6a","q32_exp_ages_content_2025_07_16_2Fhome2Fub_e71bfc621752669765795_png.png","https://ik.imagekit.io/kdm0ytilx/pattern-master/q32_exp_ages_content_2025_07_16_2Fhome2Fub_e71bfc621752669765795_png.png?tr=f-auto,q-auto"
"NEET 2024","NEET","","7bda5dd1-471b-4fd8-a204-e96e587f39e7","34","3e6a42fe-6c9a-45a2-9a56-c664c2bc9c04","q34_ages_content_2025_07_16_2Fhome2Fub_45d462a91752669766799_png.png","https://ik.imagekit.io/kdm0ytilx/pattern-master/q34_ages_content_2025_07_16_2Fhome2Fub_45d462a91752669766799_png.png?tr=f-auto,q-auto"
"NEET 2024","NEET","","7bda5dd1-471b-4fd8-a204-e96e587f39e7","34","3e6a42fe-6c9a-45a2-9a56-c664c2bc9c04","q34_exp_ages_content_2025_07_16_2Fhome2Fub_ead0ab5c1752669766939_png.png","https://ik.imagekit.io/kdm0ytilx/pattern-master/q34_exp_ages_content_2025_07_16_2Fhome2Fub_ead0ab5c1752669766939_png.png?tr=f-auto,q-auto"
"NEET 2024","NEET","","7bda5dd1-471b-4fd8-a204-e96e587f39e7","35","32cf856d-446c-46ca-bf99-a61d9c0151c1","q35_exp_ages_content_2025_07_16_2Fhome2Fub_f06d6f401752669768911_png.png","https://ik.imagekit.io/kdm0ytilx/pattern-master/q35_exp_ages_content_2025_07_16_2Fhome2Fub_f06d6f401752669768911_png.png?tr=f-auto,q-auto"
"NEET 2024","NEET","","7bda5dd1-471b-4fd8-a204-e96e587f39e7","39","219d9aff-6b7f-4a42-a195-bfa247f31c2e","q39_ages_content_2025_07_16_2Fhome2Fub_4cdca7e21752669770534_png.png","https://ik.imagekit.io/kdm0ytilx/pattern-master/q39_ages_content_2025_07_16_2Fhome2Fub_4cdca7e21752669770534_png.png?tr=f-auto,q-auto"
"NEET 2024","NEET","","7bda5dd1-471b-4fd8-a204-e96e587f39e7","40","5a9480ef-52b9-4042-a33a-576c2013aef8","q40_ages_content_2025_07_16_2Fhome2Fub_701f655b1752669771428_png.png","https://ik.imagekit.io/kdm0ytilx/pattern-master/q40_ages_content_2025_07_16_2Fhome2Fub_701f655b1752669771428_png.png?tr=f-auto,q-auto"
"NEET 2024","NEET","","7bda5dd1-471b-4fd8-a204-e96e587f39e7","40","5a9480ef-52b9-4042-a33a-576c2013aef8","q40_opt0_ages_content_2025_07_16_2Fhome2Fub_b8e1a2831752669771735_png.png","https://ik.imagekit.io/kdm0ytilx/pattern-master/q40_opt0_ages_content_2025_07_16_2Fhome2Fub_b8e1a2831752669771735_png.png?tr=f-auto,q-auto"
"NEET 2024","NEET","","7bda5dd1-471b-4fd8-a204-e96e587f39e7","40","5a9480ef-52b9-4042-a33a-576c2013aef8","q40_opt1_ages_content_2025_07_16_2Fhome2Fub_2d74d3611752669771853_png.png","https://ik.imagekit.io/kdm0ytilx/pattern-master/q40_opt1_ages_content_2025_07_16_2Fhome2Fub_2d74d3611752669771853_png.png?tr=f-auto,q-auto"
"NEET 2024","NEET","","7bda5dd1-471b-4fd8-a204-e96e587f39e7","40","5a9480ef-52b9-4042-a33a-576c2013aef8","q40_opt2_ages_content_2025_07_16_2Fhome2Fub_9066d5f91752669771944_png.png","https://ik.imagekit.io/kdm0ytilx/pattern-master/q40_opt2_ages_content_2025_07_16_2Fhome2Fub_9066d5f91752669771944_png.png?tr=f-auto,q-auto"
"NEET 2024","NEET","","7bda5dd1-471b-4fd8-a204-e96e587f39e7","40","5a9480ef-52b9-4042-a33a-576c2013aef8","q40_opt3_ages_content_2025_07_16_2Fhome2Fub_c1f69a5b1752669772048_png.png","https://ik.imagekit.io/kdm0ytilx/pattern-master/q40_opt3_ages_content_2025_07_16_2Fhome2Fub_c1f69a5b1752669772048_png.png?tr=f-auto,q-auto"
"NEET 2024","NEET","","7bda5dd1-471b-4fd8-a204-e96e587f39e7","40","5a9480ef-52b9-4042-a33a-576c2013aef8","q40_exp_ages_content_2025_07_16_2Fhome2Fub_35bf0b561752669771608_png.png","https://ik.imagekit.io/kdm0ytilx/pattern-master/q40_exp_ages_content_2025_07_16_2Fhome2Fub_35bf0b561752669771608_png.png?tr=f-auto,q-auto"
"NEET 2024","NEET","","7bda5dd1-471b-4fd8-a204-e96e587f39e7","41","44f508e9-38b9-4f3e-9c5d-2738bbd0e018","q41_opt0_ages_content_2025_07_16_2Fhome2Fub_3a29d9a21752669772634_png.png","https://ik.imagekit.io/kdm0ytilx/pattern-master/q41_opt0_ages_content_2025_07_16_2Fhome2Fub_3a29d9a21752669772634_png.png?tr=f-auto,q-auto"
"NEET 2024","NEET","","7bda5dd1-471b-4fd8-a204-e96e587f39e7","41","44f508e9-38b9-4f3e-9c5d-2738bbd0e018","q41_opt1_ages_content_2025_07_16_2Fhome2Fub_82586b111752669772733_png.png","https://ik.imagekit.io/kdm0ytilx/pattern-master/q41_opt1_ages_content_2025_07_16_2Fhome2Fub_82586b111752669772733_png.png?tr=f-auto,q-auto"
"NEET 2024","NEET","","7bda5dd1-471b-4fd8-a204-e96e587f39e7","41","44f508e9-38b9-4f3e-9c5d-2738bbd0e018","q41_opt2_ages_content_2025_07_16_2Fhome2Fub_569a85a01752669772830_png.png","https://ik.imagekit.io/kdm0ytilx/pattern-master/q41_opt2_ages_content_2025_07_16_2Fhome2Fub_569a85a01752669772830_png.png?tr=f-auto,q-auto"
"NEET 2024","NEET","","7bda5dd1-471b-4fd8-a204-e96e587f39e7","41","44f508e9-38b9-4f3e-9c5d-2738bbd0e018","q41_opt3_ages_content_2025_07_16_2Fhome2Fub_ac5e70891752669772922_png.png","https://ik.imagekit.io/kdm0ytilx/pattern-master/q41_opt3_ages_content_2025_07_16_2Fhome2Fub_ac5e70891752669772922_png.png?tr=f-auto,q-auto"
"NEET 2024","NEET","","7bda5dd1-471b-4fd8-a204-e96e587f39e7","41","44f508e9-38b9-4f3e-9c5d-2738bbd0e018","q41_exp_ages_content_2025_07_16_2Fhome2Fub_3a29d9a21752669772634_png.png","https://ik.imagekit.io/kdm0ytilx/pattern-master/q41_exp_ages_content_2025_07_16_2Fhome2Fub_3a29d9a21752669772634_png.png?tr=f-auto,q-auto"
"NEET 2024","NEET","","7bda5dd1-471b-4fd8-a204-e96e587f39e7","45","5955b023-671d-4c57-8d9c-ca1f98a3446b","q45_ages_content_2025_07_16_2Fhome2Fub_5a6734481752669775123_png.png","https://ik.imagekit.io/kdm0ytilx/pattern-master/q45_ages_content_2025_07_16_2Fhome2Fub_5a6734481752669775123_png.png?tr=f-auto,q-auto"
"NEET 2024","NEET","","7bda5dd1-471b-4fd8-a204-e96e587f39e7","47","9e88d12d-ae84-4a86-8bba-6f69e625e61b","q47_exp_ages_content_2025_07_16_2Fhome2Fub_26420efc1752669777152_png.png","https://ik.imagekit.io/kdm0ytilx/pattern-master/q47_exp_ages_content_2025_07_16_2Fhome2Fub_26420efc1752669777152_png.png?tr=f-auto,q-auto"
"NEET 2024","NEET","","7bda5dd1-471b-4fd8-a204-e96e587f39e7","53","14fb221c-a2e8-4d73-9e2b-823beb69def1","q53_opt0_ages_content_2025_07_16_2Fhome2Fub_7f6a965b1752669782797_png.png","https://ik.imagekit.io/kdm0ytilx/pattern-master/q53_opt0_ages_content_2025_07_16_2Fhome2Fub_7f6a965b1752669782797_png.png?tr=f-auto,q-auto"
"NEET 2024","NEET","","7bda5dd1-471b-4fd8-a204-e96e587f39e7","53","14fb221c-a2e8-4d73-9e2b-823beb69def1","q53_opt1_ages_content_2025_07_16_2Fhome2Fub_3fcb0e7c1752669782896_png.png","https://ik.imagekit.io/kdm0ytilx/pattern-master/q53_opt1_ages_content_2025_07_16_2Fhome2Fub_3fcb0e7c1752669782896_png.png?tr=f-auto,q-auto"
"NEET 2024","NEET","","7bda5dd1-471b-4fd8-a204-e96e587f39e7","53","14fb221c-a2e8-4d73-9e2b-823beb69def1","q53_opt2_ages_content_2025_07_16_2Fhome2Fub_ba0c1b0c1752669782978_png.png","https://ik.imagekit.io/kdm0ytilx/pattern-master/q53_opt2_ages_content_2025_07_16_2Fhome2Fub_ba0c1b0c1752669782978_png.png?tr=f-auto,q-auto"
"NEET 2024","NEET","","7bda5dd1-471b-4fd8-a204-e96e587f39e7","53","14fb221c-a2e8-4d73-9e2b-823beb69def1","q53_opt3_ages_content_2025_07_16_2Fhome2Fub_693fe5091752669783049_png.png","https://ik.imagekit.io/kdm0ytilx/pattern-master/q53_opt3_ages_content_2025_07_16_2Fhome2Fub_693fe5091752669783049_png.png?tr=f-auto,q-auto"
"NEET 2024","NEET","","7bda5dd1-471b-4fd8-a204-e96e587f39e7","53","14fb221c-a2e8-4d73-9e2b-823beb69def1","q53_exp_ages_content_2025_07_16_2Fhome2Fub_a9197e7c1752669782721_png.png","https://ik.imagekit.io/kdm0ytilx/pattern-master/q53_exp_ages_content_2025_07_16_2Fhome2Fub_a9197e7c1752669782721_png.png?tr=f-auto,q-auto"
"NEET 2024","NEET","","7bda5dd1-471b-4fd8-a204-e96e587f39e7","55","51f41b56-a568-48ba-b3c9-c4be3dc46c28","q55_opt0_ages_content_2025_07_16_2Fhome2Fub_f6c157ba1752669783689_png.png","https://ik.imagekit.io/kdm0ytilx/pattern-master/q55_opt0_ages_content_2025_07_16_2Fhome2Fub_f6c157ba1752669783689_png.png?tr=f-auto,q-auto"
"NEET 2024","NEET","","7bda5dd1-471b-4fd8-a204-e96e587f39e7","55","51f41b56-a568-48ba-b3c9-c4be3dc46c28","q55_opt1_ages_content_2025_07_16_2Fhome2Fub_3561c1321752669783840_png.png","https://ik.imagekit.io/kdm0ytilx/pattern-master/q55_opt1_ages_content_2025_07_16_2Fhome2Fub_3561c1321752669783840_png.png?tr=f-auto,q-auto"
"NEET 2024","NEET","","7bda5dd1-471b-4fd8-a204-e96e587f39e7","55","51f41b56-a568-48ba-b3c9-c4be3dc46c28","q55_opt2_ages_content_2025_07_16_2Fhome2Fub_2a7d98781752669783920_png.png","https://ik.imagekit.io/kdm0ytilx/pattern-master/q55_opt2_ages_content_2025_07_16_2Fhome2Fub_2a7d98781752669783920_png.png?tr=f-auto,q-auto"
"NEET 2024","NEET","","7bda5dd1-471b-4fd8-a204-e96e587f39e7","55","51f41b56-a568-48ba-b3c9-c4be3dc46c28","q55_opt3_ages_content_2025_07_16_2Fhome2Fub_d97c4ad51752669784042_png.png","https://ik.imagekit.io/kdm0ytilx/pattern-master/q55_opt3_ages_content_2025_07_16_2Fhome2Fub_d97c4ad51752669784042_png.png?tr=f-auto,q-auto"
"NEET 2024","NEET","","7bda5dd1-471b-4fd8-a204-e96e587f39e7","55","51f41b56-a568-48ba-b3c9-c4be3dc46c28","q55_exp_ages_content_2025_07_16_2Fhome2Fub_215a2ef81752669783570_png.png","https://ik.imagekit.io/kdm0ytilx/pattern-master/q55_exp_ages_content_2025_07_16_2Fhome2Fub_215a2ef81752669783570_png.png?tr=f-auto,q-auto"
"NEET 2024","NEET","","7bda5dd1-471b-4fd8-a204-e96e587f39e7","56","80d4110a-1a95-4901-97da-687096f5e45d","q56_opt1_ages_content_2025_07_16_2Fhome2Fub_336413a31752669784515_png.png","https://ik.imagekit.io/kdm0ytilx/pattern-master/q56_opt1_ages_content_2025_07_16_2Fhome2Fub_336413a31752669784515_png.png?tr=f-auto,q-auto"
"NEET 2024","NEET","","7bda5dd1-471b-4fd8-a204-e96e587f39e7","56","80d4110a-1a95-4901-97da-687096f5e45d","q56_opt2_ages_content_2025_07_16_2Fhome2Fub_d1f2b1f01752669784698_png.png","https://ik.imagekit.io/kdm0ytilx/pattern-master/q56_opt2_ages_content_2025_07_16_2Fhome2Fub_d1f2b1f01752669784698_png.png?tr=f-auto,q-auto"
"NEET 2024","NEET","","7bda5dd1-471b-4fd8-a204-e96e587f39e7","56","80d4110a-1a95-4901-97da-687096f5e45d","q56_opt3_ages_content_2025_07_16_2Fhome2Fub_0db1d1501752669784766_png.png","https://ik.imagekit.io/kdm0ytilx/pattern-master/q56_opt3_ages_content_2025_07_16_2Fhome2Fub_0db1d1501752669784766_png.png?tr=f-auto,q-auto"
"NEET 2024","NEET","","7bda5dd1-471b-4fd8-a204-e96e587f39e7","59","d8829faa-7048-42ba-a6e9-982c0992976c","q59_opt0_ages_content_2025_07_16_2Fhome2Fub_ea1736fb1752669786297_png.png","https://ik.imagekit.io/kdm0ytilx/pattern-master/q59_opt0_ages_content_2025_07_16_2Fhome2Fub_ea1736fb1752669786297_png.png?tr=f-auto,q-auto"
"NEET 2024","NEET","","7bda5dd1-471b-4fd8-a204-e96e587f39e7","59","d8829faa-7048-42ba-a6e9-982c0992976c","q59_opt1_ages_content_2025_07_16_2Fhome2Fub_614e417a1752669786371_png.png","https://ik.imagekit.io/kdm0ytilx/pattern-master/q59_opt1_ages_content_2025_07_16_2Fhome2Fub_614e417a1752669786371_png.png?tr=f-auto,q-auto"
"NEET 2024","NEET","","7bda5dd1-471b-4fd8-a204-e96e587f39e7","59","d8829faa-7048-42ba-a6e9-982c0992976c","q59_opt2_ages_content_2025_07_16_2Fhome2Fub_d67464551752669786532_png.png","https://ik.imagekit.io/kdm0ytilx/pattern-master/q59_opt2_ages_content_2025_07_16_2Fhome2Fub_d67464551752669786532_png.png?tr=f-auto,q-auto"
"NEET 2024","NEET","","7bda5dd1-471b-4fd8-a204-e96e587f39e7","59","d8829faa-7048-42ba-a6e9-982c0992976c","q59_opt3_ages_content_2025_07_16_2Fhome2Fub_48f5ee191752669786602_png.png","https://ik.imagekit.io/kdm0ytilx/pattern-master/q59_opt3_ages_content_2025_07_16_2Fhome2Fub_48f5ee191752669786602_png.png?tr=f-auto,q-auto"
"NEET 2024","NEET","","7bda5dd1-471b-4fd8-a204-e96e587f39e7","59","d8829faa-7048-42ba-a6e9-982c0992976c","q59_exp_ages_content_2025_07_16_2Fhome2Fub_176e8e781752669786213_png.png","https://ik.imagekit.io/kdm0ytilx/pattern-master/q59_exp_ages_content_2025_07_16_2Fhome2Fub_176e8e781752669786213_png.png?tr=f-auto,q-auto"
"NEET 2024","NEET","","7bda5dd1-471b-4fd8-a204-e96e587f39e7","66","13afcc14-084f-4bb4-8963-f6b4690ec2e9","q66_opt0_ages_content_2025_07_16_2Fhome2Fub_66fdcac51752669794127_png.png","https://ik.imagekit.io/kdm0ytilx/pattern-master/q66_opt0_ages_content_2025_07_16_2Fhome2Fub_66fdcac51752669794127_png.png?tr=f-auto,q-auto"
"NEET 2024","NEET","","7bda5dd1-471b-4fd8-a204-e96e587f39e7","66","13afcc14-084f-4bb4-8963-f6b4690ec2e9","q66_opt1_ages_content_2025_07_16_2Fhome2Fub_6c6d4ae71752669794221_png.png","https://ik.imagekit.io/kdm0ytilx/pattern-master/q66_opt1_ages_content_2025_07_16_2Fhome2Fub_6c6d4ae71752669794221_png.png?tr=f-auto,q-auto"
"NEET 2024","NEET","","7bda5dd1-471b-4fd8-a204-e96e587f39e7","66","13afcc14-084f-4bb4-8963-f6b4690ec2e9","q66_opt2_ages_content_2025_07_16_2Fhome2Fub_e776fefd1752669794336_png.png","https://ik.imagekit.io/kdm0ytilx/pattern-master/q66_opt2_ages_content_2025_07_16_2Fhome2Fub_e776fefd1752669794336_png.png?tr=f-auto,q-auto"
"NEET 2024","NEET","","7bda5dd1-471b-4fd8-a204-e96e587f39e7","66","13afcc14-084f-4bb4-8963-f6b4690ec2e9","q66_opt3_ages_content_2025_07_16_2Fhome2Fub_15f69f8c1752669794523_png.png","https://ik.imagekit.io/kdm0ytilx/pattern-master/q66_opt3_ages_content_2025_07_16_2Fhome2Fub_15f69f8c1752669794523_png.png?tr=f-auto,q-auto"
"NEET 2024","NEET","","7bda5dd1-471b-4fd8-a204-e96e587f39e7","66","13afcc14-084f-4bb4-8963-f6b4690ec2e9","q66_exp_ages_content_2025_07_16_2Fhome2Fub_934c54371752669794044_png.png","https://ik.imagekit.io/kdm0ytilx/pattern-master/q66_exp_ages_content_2025_07_16_2Fhome2Fub_934c54371752669794044_png.png?tr=f-auto,q-auto"
"NEET 2024","NEET","","7bda5dd1-471b-4fd8-a204-e96e587f39e7","76","5b677fe5-8b05-4964-9b96-20993c743a28","q76_ages_content_2025_07_16_2Fhome2Fub_9d558c2a1752669801588_png.png","https://ik.imagekit.io/kdm0ytilx/pattern-master/q76_ages_content_2025_07_16_2Fhome2Fub_9d558c2a1752669801588_png.png?tr=f-auto,q-auto"
"NEET 2024","NEET","","7bda5dd1-471b-4fd8-a204-e96e587f39e7","76","5b677fe5-8b05-4964-9b96-20993c743a28","q76_opt0_ages_content_2025_07_16_2Fhome2Fub_cef0139e1752669801821_png.png","https://ik.imagekit.io/kdm0ytilx/pattern-master/q76_opt0_ages_content_2025_07_16_2Fhome2Fub_cef0139e1752669801821_png.png?tr=f-auto,q-auto"
"NEET 2024","NEET","","7bda5dd1-471b-4fd8-a204-e96e587f39e7","76","5b677fe5-8b05-4964-9b96-20993c743a28","q76_opt1_ages_content_2025_07_16_2Fhome2Fub_03d30f8e1752669801943_png.png","https://ik.imagekit.io/kdm0ytilx/pattern-master/q76_opt1_ages_content_2025_07_16_2Fhome2Fub_03d30f8e1752669801943_png.png?tr=f-auto,q-auto"
"NEET 2024","NEET","","7bda5dd1-471b-4fd8-a204-e96e587f39e7","76","5b677fe5-8b05-4964-9b96-20993c743a28","q76_opt2_ages_content_2025_07_16_2Fhome2Fub_16fd06d01752669802036_png.png","https://ik.imagekit.io/kdm0ytilx/pattern-master/q76_opt2_ages_content_2025_07_16_2Fhome2Fub_16fd06d01752669802036_png.png?tr=f-auto,q-auto"
"NEET 2024","NEET","","7bda5dd1-471b-4fd8-a204-e96e587f39e7","76","5b677fe5-8b05-4964-9b96-20993c743a28","q76_opt3_ages_content_2025_07_16_2Fhome2Fub_2b7318a11752669802130_png.png","https://ik.imagekit.io/kdm0ytilx/pattern-master/q76_opt3_ages_content_2025_07_16_2Fhome2Fub_2b7318a11752669802130_png.png?tr=f-auto,q-auto"
"NEET 2024","NEET","","7bda5dd1-471b-4fd8-a204-e96e587f39e7","76","5b677fe5-8b05-4964-9b96-20993c743a28","q76_exp_ages_content_2025_07_16_2Fhome2Fub_933662d81752669801731_png.png","https://ik.imagekit.io/kdm0ytilx/pattern-master/q76_exp_ages_content_2025_07_16_2Fhome2Fub_933662d81752669801731_png.png?tr=f-auto,q-auto"
"NEET 2024","NEET","","7bda5dd1-471b-4fd8-a204-e96e587f39e7","78","48703a67-9931-4b1e-8c7b-1f48443afa23","q78_exp_ages_content_2025_07_16_2Fhome2Fub_31978ab01752669803818_png.png","https://ik.imagekit.io/kdm0ytilx/pattern-master/q78_exp_ages_content_2025_07_16_2Fhome2Fub_31978ab01752669803818_png.png?tr=f-auto,q-auto"
"NEET 2024","NEET","","7bda5dd1-471b-4fd8-a204-e96e587f39e7","81","7e104446-0210-4884-8fbc-25176ea2b35e","q81_exp_ages_content_2025_07_16_2Fhome2Fub_36f071931752669805980_png.png","https://ik.imagekit.io/kdm0ytilx/pattern-master/q81_exp_ages_content_2025_07_16_2Fhome2Fub_36f071931752669805980_png.png?tr=f-auto,q-auto"
"NEET 2024","NEET","","7bda5dd1-471b-4fd8-a204-e96e587f39e7","83","e5517322-a18c-45b0-8d6a-14f905539b1a","q83_ages_content_2025_07_16_2Fhome2Fub_81a96e621752669806319_png.png","https://ik.imagekit.io/kdm0ytilx/pattern-master/q83_ages_content_2025_07_16_2Fhome2Fub_81a96e621752669806319_png.png?tr=f-auto,q-auto"
"NEET 2024","NEET","","7bda5dd1-471b-4fd8-a204-e96e587f39e7","83","e5517322-a18c-45b0-8d6a-14f905539b1a","q83_exp_ages_content_2025_07_16_2Fhome2Fub_6c51b68b1752669806795_png.png","https://ik.imagekit.io/kdm0ytilx/pattern-master/q83_exp_ages_content_2025_07_16_2Fhome2Fub_6c51b68b1752669806795_png.png?tr=f-auto,q-auto"
"NEET 2024","NEET","","7bda5dd1-471b-4fd8-a204-e96e587f39e7","83","e5517322-a18c-45b0-8d6a-14f905539b1a","q83_exp_ages_content_2025_07_16_2Fhome2Fub_6c51b68b1752669806795_png.png","https://ik.imagekit.io/kdm0ytilx/pattern-master/q83_exp_ages_content_2025_07_16_2Fhome2Fub_6c51b68b1752669806795_png.png?tr=f-auto,q-auto"
"NEET 2024","NEET","","7bda5dd1-471b-4fd8-a204-e96e587f39e7","83","e5517322-a18c-45b0-8d6a-14f905539b1a","q83_exp_ages_content_2025_07_16_2Fhome2Fub_6c51b68b1752669806795_png.png","https://ik.imagekit.io/kdm0ytilx/pattern-master/q83_exp_ages_content_2025_07_16_2Fhome2Fub_6c51b68b1752669806795_png.png?tr=f-auto,q-auto"
"NEET 2024","NEET","","7bda5dd1-471b-4fd8-a204-e96e587f39e7","83","e5517322-a18c-45b0-8d6a-14f905539b1a","q83_exp_ages_content_2025_07_16_2Fhome2Fub_6c51b68b1752669806795_png.png","https://ik.imagekit.io/kdm0ytilx/pattern-master/q83_exp_ages_content_2025_07_16_2Fhome2Fub_6c51b68b1752669806795_png.png?tr=f-auto,q-auto"
"NEET 2024","NEET","","7bda5dd1-471b-4fd8-a204-e96e587f39e7","85","7dbd3740-7368-4a8e-9e55-21b82bfe815e","q85_exp_ages_content_2025_07_16_2Fhome2Fub_39eaaa0d1752669810089_png.png","https://ik.imagekit.io/kdm0ytilx/pattern-master/q85_exp_ages_content_2025_07_16_2Fhome2Fub_39eaaa0d1752669810089_png.png?tr=f-auto,q-auto"
"NEET 2024","NEET","","7bda5dd1-471b-4fd8-a204-e96e587f39e7","88","d7c5fe6c-a8bf-4d10-b184-fb6bc9465224","q88_ages_content_2025_07_16_2Fhome2Fub_0ddadeb71752669813180_png.png","https://ik.imagekit.io/kdm0ytilx/pattern-master/q88_ages_content_2025_07_16_2Fhome2Fub_0ddadeb71752669813180_png.png?tr=f-auto,q-auto"
"NEET 2024","NEET","","7bda5dd1-471b-4fd8-a204-e96e587f39e7","88","d7c5fe6c-a8bf-4d10-b184-fb6bc9465224","q88_opt0_ages_content_2025_07_16_2Fhome2Fub_344a3a311752669813385_png.png","https://ik.imagekit.io/kdm0ytilx/pattern-master/q88_opt0_ages_content_2025_07_16_2Fhome2Fub_344a3a311752669813385_png.png?tr=f-auto,q-auto"
"NEET 2024","NEET","","7bda5dd1-471b-4fd8-a204-e96e587f39e7","88","d7c5fe6c-a8bf-4d10-b184-fb6bc9465224","q88_opt1_ages_content_2025_07_16_2Fhome2Fub_e1930a3f1752669813450_png.png","https://ik.imagekit.io/kdm0ytilx/pattern-master/q88_opt1_ages_content_2025_07_16_2Fhome2Fub_e1930a3f1752669813450_png.png?tr=f-auto,q-auto"
"NEET 2024","NEET","","7bda5dd1-471b-4fd8-a204-e96e587f39e7","88","d7c5fe6c-a8bf-4d10-b184-fb6bc9465224","q88_opt2_ages_content_2025_07_16_2Fhome2Fub_57748de61752669813539_png.png","https://ik.imagekit.io/kdm0ytilx/pattern-master/q88_opt2_ages_content_2025_07_16_2Fhome2Fub_57748de61752669813539_png.png?tr=f-auto,q-auto"
"NEET 2024","NEET","","7bda5dd1-471b-4fd8-a204-e96e587f39e7","88","d7c5fe6c-a8bf-4d10-b184-fb6bc9465224","q88_opt3_ages_content_2025_07_16_2Fhome2Fub_e0ffa80c1752669813753_png.png","https://ik.imagekit.io/kdm0ytilx/pattern-master/q88_opt3_ages_content_2025_07_16_2Fhome2Fub_e0ffa80c1752669813753_png.png?tr=f-auto,q-auto"
"NEET 2024","NEET","","7bda5dd1-471b-4fd8-a204-e96e587f39e7","88","d7c5fe6c-a8bf-4d10-b184-fb6bc9465224","q88_exp_ages_content_2025_07_16_2Fhome2Fub_2f606cab1752669813300_png.png","https://ik.imagekit.io/kdm0ytilx/pattern-master/q88_exp_ages_content_2025_07_16_2Fhome2Fub_2f606cab1752669813300_png.png?tr=f-auto,q-auto"
"NEET 2024","NEET","","7bda5dd1-471b-4fd8-a204-e96e587f39e7","89","c998f659-8194-441a-a2f7-531d09c98d7f","q89_exp_ages_content_2025_07_16_2Fhome2Fub_66332c611752669814331_png.png","https://ik.imagekit.io/kdm0ytilx/pattern-master/q89_exp_ages_content_2025_07_16_2Fhome2Fub_66332c611752669814331_png.png?tr=f-auto,q-auto"
"NEET 2024","NEET","","7bda5dd1-471b-4fd8-a204-e96e587f39e7","92","1bd3bc5a-f70a-4f86-981e-6ce1e619cf32","q92_ages_content_2025_07_16_2Fhome2Fub_aa637c9b1752669815924_png.png","https://ik.imagekit.io/kdm0ytilx/pattern-master/q92_ages_content_2025_07_16_2Fhome2Fub_aa637c9b1752669815924_png.png?tr=f-auto,q-auto"
"NEET 2024","NEET","","7bda5dd1-471b-4fd8-a204-e96e587f39e7","92","1bd3bc5a-f70a-4f86-981e-6ce1e619cf32","q92_opt0_ages_content_2025_07_16_2Fhome2Fub_1eddb0a51752669816095_png.png","https://ik.imagekit.io/kdm0ytilx/pattern-master/q92_opt0_ages_content_2025_07_16_2Fhome2Fub_1eddb0a51752669816095_png.png?tr=f-auto,q-auto"
"NEET 2024","NEET","","7bda5dd1-471b-4fd8-a204-e96e587f39e7","92","1bd3bc5a-f70a-4f86-981e-6ce1e619cf32","q92_opt1_ages_content_2025_07_16_2Fhome2Fub_ebdaaeaf1752669816311_png.png","https://ik.imagekit.io/kdm0ytilx/pattern-master/q92_opt1_ages_content_2025_07_16_2Fhome2Fub_ebdaaeaf1752669816311_png.png?tr=f-auto,q-auto"
"NEET 2024","NEET","","7bda5dd1-471b-4fd8-a204-e96e587f39e7","92","1bd3bc5a-f70a-4f86-981e-6ce1e619cf32","q92_opt2_ages_content_2025_07_16_2Fhome2Fub_bc38b5ff1752669816426_png.png","https://ik.imagekit.io/kdm0ytilx/pattern-master/q92_opt2_ages_content_2025_07_16_2Fhome2Fub_bc38b5ff1752669816426_png.png?tr=f-auto,q-auto"
"NEET 2024","NEET","","7bda5dd1-471b-4fd8-a204-e96e587f39e7","92","1bd3bc5a-f70a-4f86-981e-6ce1e619cf32","q92_opt3_ages_content_2025_07_16_2Fhome2Fub_3eb555f71752669816522_png.png","https://ik.imagekit.io/kdm0ytilx/pattern-master/q92_opt3_ages_content_2025_07_16_2Fhome2Fub_3eb555f71752669816522_png.png?tr=f-auto,q-auto"
"NEET 2024","NEET","","7bda5dd1-471b-4fd8-a204-e96e587f39e7","92","1bd3bc5a-f70a-4f86-981e-6ce1e619cf32","q92_exp_ages_content_2025_07_16_2Fhome2Fub_a3d85c6d1752669815999_png.png","https://ik.imagekit.io/kdm0ytilx/pattern-master/q92_exp_ages_content_2025_07_16_2Fhome2Fub_a3d85c6d1752669815999_png.png?tr=f-auto,q-auto"
"NEET 2024","NEET","","7bda5dd1-471b-4fd8-a204-e96e587f39e7","94","955e7f78-40da-4f0e-b99a-ab5b2484f66c","q94_exp_ages_content_2025_07_16_2Fhome2Fub_ce7db5441752669817266_png.png","https://ik.imagekit.io/kdm0ytilx/pattern-master/q94_exp_ages_content_2025_07_16_2Fhome2Fub_ce7db5441752669817266_png.png?tr=f-auto,q-auto"
"NEET 2024","NEET","","7bda5dd1-471b-4fd8-a204-e96e587f39e7","95","40228508-dc84-4f10-946a-dec6fec4d1aa","q95_exp_ages_content_2025_07_16_2Fhome2Fub_682b510f1752669819259_png.png","https://ik.imagekit.io/kdm0ytilx/pattern-master/q95_exp_ages_content_2025_07_16_2Fhome2Fub_682b510f1752669819259_png.png?tr=f-auto,q-auto"
"NEET 2024","NEET","","7bda5dd1-471b-4fd8-a204-e96e587f39e7","103","7c934190-bb47-47e9-a526-5d01115141ed","q103_ages_content_2025_07_16_2Fhome2Fub_977a24ff1752669824711_png.png","https://ik.imagekit.io/kdm0ytilx/pattern-master/q103_ages_content_2025_07_16_2Fhome2Fub_977a24ff1752669824711_png.png?tr=f-auto,q-auto"
"NEET 2024","NEET","","7bda5dd1-471b-4fd8-a204-e96e587f39e7","115","487caac2-fb52-4855-91ee-8f14a13651d5","q115_ages_content_2025_07_16_2Fhome2Fub_aee06c381752669826714_png.png","https://ik.imagekit.io/kdm0ytilx/pattern-master/q115_ages_content_2025_07_16_2Fhome2Fub_aee06c381752669826714_png.png?tr=f-auto,q-auto"
"NEET 2024","NEET","","7bda5dd1-471b-4fd8-a204-e96e587f39e7","119","07e541d1-6997-4ec1-85f9-d50ed2b41e6d","q119_ages_content_2025_07_16_2Fhome2Fub_6bdc61791752669827411_png.png","https://ik.imagekit.io/kdm0ytilx/pattern-master/q119_ages_content_2025_07_16_2Fhome2Fub_6bdc61791752669827411_png.png?tr=f-auto,q-auto"
"NEET 2024","NEET","","7bda5dd1-471b-4fd8-a204-e96e587f39e7","130","454e866d-c023-4c34-899a-28cfe1067f5c","q130_exp_ages_content_2025_07_16_2Fhome2Fub_931ef87a1752669829481_png.png","https://ik.imagekit.io/kdm0ytilx/pattern-master/q130_exp_ages_content_2025_07_16_2Fhome2Fub_931ef87a1752669829481_png.png?tr=f-auto,q-auto"
"NEET 2024","NEET","","7bda5dd1-471b-4fd8-a204-e96e587f39e7","133","e4a15854-3514-47e9-bd05-3c77965326da","q133_exp_ages_content_2025_07_16_2Fhome2Fub_8f25049c1752669830434_png.png","https://ik.imagekit.io/kdm0ytilx/pattern-master/q133_exp_ages_content_2025_07_16_2Fhome2Fub_8f25049c1752669830434_png.png?tr=f-auto,q-auto"
"NEET 2024","NEET","","7bda5dd1-471b-4fd8-a204-e96e587f39e7","139","48b571f5-d5ed-4369-a2fe-6f439cd82b12","q139_ages_content_2025_07_16_2Fhome2Fub_2f2fd49c1752669833640_png.png","https://ik.imagekit.io/kdm0ytilx/pattern-master/q139_ages_content_2025_07_16_2Fhome2Fub_2f2fd49c1752669833640_png.png?tr=f-auto,q-auto"
"NEET 2024","NEET","","7bda5dd1-471b-4fd8-a204-e96e587f39e7","172","45d143a2-886c-4cdb-889e-221df63d20d1","q172_ages_content_2025_07_16_2Fhome2Fub_b43d4e181752669841202_jpg.jpg","https://ik.imagekit.io/kdm0ytilx/pattern-master/q172_ages_content_2025_07_16_2Fhome2Fub_b43d4e181752669841202_jpg.jpg?tr=f-auto,q-auto"
"NEET 2024","NEET","","7bda5dd1-471b-4fd8-a204-e96e587f39e7","180","df4750cd-b29f-466a-9ef6-5c61945330f4","q180_ages_content_2025_07_16_2Fhome2Fub_4eadb9e91752669842219_jpg.jpg","https://ik.imagekit.io/kdm0ytilx/pattern-master/q180_ages_content_2025_07_16_2Fhome2Fub_4eadb9e91752669842219_jpg.jpg?tr=f-auto,q-auto"
"NEET 2024","NEET","","7bda5dd1-471b-4fd8-a204-e96e587f39e7","192","da6c568e-9d14-42e1-8838-973368af5eea","q192_ages_content_2025_07_16_2Fhome2Fub_5183a8741752669845548_jpg.jpg","https://ik.imagekit.io/kdm0ytilx/pattern-master/q192_ages_content_2025_07_16_2Fhome2Fub_5183a8741752669845548_jpg.jpg?tr=f-auto,q-auto"
"NEET 2024","NEET","","7bda5dd1-471b-4fd8-a204-e96e587f39e7","192","da6c568e-9d14-42e1-8838-973368af5eea","q192_exp_ages_content_2025_07_16_2Fhome2Fub_c09464d81752669845739_jpg.jpg","https://ik.imagekit.io/kdm0ytilx/pattern-master/q192_exp_ages_content_2025_07_16_2Fhome2Fub_c09464d81752669845739_jpg.jpg?tr=f-auto,q-auto"
"GATE PI 2014","GATE","PI","e6585a43-9c0b-457d-be5c-ed08153fd85d","7","08bfe06d-4941-4d58-8ffb-6e436334c791","q7_n_images_content_2024_05_02_image1_a585f6861714635597010_gif.gif","https://ik.imagekit.io/kdm0ytilx/pattern-master/q7_n_images_content_2024_05_02_image1_a585f6861714635597010_gif.gif?tr=f-auto,q-auto"
"GATE PI 2014","GATE","PI","e6585a43-9c0b-457d-be5c-ed08153fd85d","7","08bfe06d-4941-4d58-8ffb-6e436334c791","q7_n_images_content_2024_05_02_image2_2ca934371714635597016_gif.gif","https://ik.imagekit.io/kdm0ytilx/pattern-master/q7_n_images_content_2024_05_02_image2_2ca934371714635597016_gif.gif?tr=f-auto,q-auto"
"13 Apr 2023 Shift 1","JEE_MAIN","","1864bece-03a6-4fec-a610-9c3ff66d68e0","1","e38e563e-1366-457b-ac96-a1b7f6c5ba9d","13_apr_s1_optfix_for-the-following-circuit-and-_img1_20260512_060245.webp","https://ik.imagekit.io/kdm0ytilx/pattern-master/13_apr_s1_optfix_for-the-following-circuit-and-_img1_20260512_060245.webp?tr=f-auto,q-auto"
"13 Apr 2023 Shift 1","JEE_MAIN","","1864bece-03a6-4fec-a610-9c3ff66d68e0","1","e38e563e-1366-457b-ac96-a1b7f6c5ba9d","13_apr_s1_optfix_for-the-following-circuit-and-_img2_optA_20260512_060246.webp","https://ik.imagekit.io/kdm0ytilx/pattern-master/13_apr_s1_optfix_for-the-following-circuit-and-_img2_optA_20260512_060246.webp?tr=f-auto,q-auto"
"13 Apr 2023 Shift 1","JEE_MAIN","","1864bece-03a6-4fec-a610-9c3ff66d68e0","1","e38e563e-1366-457b-ac96-a1b7f6c5ba9d","13_apr_s1_optfix_for-the-following-circuit-and-_img3_optB_20260512_060249.webp","https://ik.imagekit.io/kdm0ytilx/pattern-master/13_apr_s1_optfix_for-the-following-circuit-and-_img3_optB_20260512_060249.webp?tr=f-auto,q-auto"
"13 Apr 2023 Shift 1","JEE_MAIN","","1864bece-03a6-4fec-a610-9c3ff66d68e0","1","e38e563e-1366-457b-ac96-a1b7f6c5ba9d","13_apr_s1_optfix_for-the-following-circuit-and-_img4_optC_20260512_060250.webp","https://ik.imagekit.io/kdm0ytilx/pattern-master/13_apr_s1_optfix_for-the-following-circuit-and-_img4_optC_20260512_060250.webp?tr=f-auto,q-auto"
"13 Apr 2023 Shift 1","JEE_MAIN","","1864bece-03a6-4fec-a610-9c3ff66d68e0","1","e38e563e-1366-457b-ac96-a1b7f6c5ba9d","13_apr_s1_optfix_for-the-following-circuit-and-_img5_optD_20260512_060253.webp","https://ik.imagekit.io/kdm0ytilx/pattern-master/13_apr_s1_optfix_for-the-following-circuit-and-_img5_optD_20260512_060253.webp?tr=f-auto,q-auto"
"13 Apr 2023 Shift 1","JEE_MAIN","","1864bece-03a6-4fec-a610-9c3ff66d68e0","1","e38e563e-1366-457b-ac96-a1b7f6c5ba9d","13_apr_s1_optfix_for-the-following-circuit-and-_img6_explanation_20260512_060255.webp","https://ik.imagekit.io/kdm0ytilx/pattern-master/13_apr_s1_optfix_for-the-following-circuit-and-_img6_explanation_20260512_060255.webp?tr=f-auto,q-auto"
"13 Apr 2023 Shift 1","JEE_MAIN","","1864bece-03a6-4fec-a610-9c3ff66d68e0","12","10478662-92c0-4d8b-b909-7024e07d316c","13_apr_s1_optfix_which-graph-represents-the-dif_img1_optA_20260512_060248.webp","https://ik.imagekit.io/kdm0ytilx/pattern-master/13_apr_s1_optfix_which-graph-represents-the-dif_img1_optA_20260512_060248.webp?tr=f-auto,q-auto"
"13 Apr 2023 Shift 1","JEE_MAIN","","1864bece-03a6-4fec-a610-9c3ff66d68e0","12","10478662-92c0-4d8b-b909-7024e07d316c","13_apr_s1_optfix_which-graph-represents-the-dif_img2_optB_20260512_060250.webp","https://ik.imagekit.io/kdm0ytilx/pattern-master/13_apr_s1_optfix_which-graph-represents-the-dif_img2_optB_20260512_060250.webp?tr=f-auto,q-auto"
"13 Apr 2023 Shift 1","JEE_MAIN","","1864bece-03a6-4fec-a610-9c3ff66d68e0","12","10478662-92c0-4d8b-b909-7024e07d316c","13_apr_s1_optfix_which-graph-represents-the-dif_img3_optC_20260512_060252.webp","https://ik.imagekit.io/kdm0ytilx/pattern-master/13_apr_s1_optfix_which-graph-represents-the-dif_img3_optC_20260512_060252.webp?tr=f-auto,q-auto"
"13 Apr 2023 Shift 1","JEE_MAIN","","1864bece-03a6-4fec-a610-9c3ff66d68e0","12","10478662-92c0-4d8b-b909-7024e07d316c","13_apr_s1_optfix_which-graph-represents-the-dif_img4_optD_20260512_060254.webp","https://ik.imagekit.io/kdm0ytilx/pattern-master/13_apr_s1_optfix_which-graph-represents-the-dif_img4_optD_20260512_060254.webp?tr=f-auto,q-auto"
"13 Apr 2023 Shift 1","JEE_MAIN","","1864bece-03a6-4fec-a610-9c3ff66d68e0","12","10478662-92c0-4d8b-b909-7024e07d316c","13_apr_s1_optfix_which-graph-represents-the-dif_img5_explanation_20260512_060256.webp","https://ik.imagekit.io/kdm0ytilx/pattern-master/13_apr_s1_optfix_which-graph-represents-the-dif_img5_explanation_20260512_060256.webp?tr=f-auto,q-auto"
"13 Apr 2023 Shift 1","JEE_MAIN","","1864bece-03a6-4fec-a610-9c3ff66d68e0","36","28f45d1a-ff04-427c-822c-0aeb4b8d44bc","13_apr_s1_optfix_in-the-reaction-given-below-13_img1_20260512_060257.webp","https://ik.imagekit.io/kdm0ytilx/pattern-master/13_apr_s1_optfix_in-the-reaction-given-below-13_img1_20260512_060257.webp?tr=f-auto,q-auto"
"13 Apr 2023 Shift 1","JEE_MAIN","","1864bece-03a6-4fec-a610-9c3ff66d68e0","36","28f45d1a-ff04-427c-822c-0aeb4b8d44bc","13_apr_s1_optfix_in-the-reaction-given-below-13_img2_optA_20260512_060300.webp","https://ik.imagekit.io/kdm0ytilx/pattern-master/13_apr_s1_optfix_in-the-reaction-given-below-13_img2_optA_20260512_060300.webp?tr=f-auto,q-auto"
"13 Apr 2023 Shift 1","JEE_MAIN","","1864bece-03a6-4fec-a610-9c3ff66d68e0","36","28f45d1a-ff04-427c-822c-0aeb4b8d44bc","13_apr_s1_optfix_in-the-reaction-given-below-13_img3_optB_20260512_060301.webp","https://ik.imagekit.io/kdm0ytilx/pattern-master/13_apr_s1_optfix_in-the-reaction-given-below-13_img3_optB_20260512_060301.webp?tr=f-auto,q-auto"
"13 Apr 2023 Shift 1","JEE_MAIN","","1864bece-03a6-4fec-a610-9c3ff66d68e0","36","28f45d1a-ff04-427c-822c-0aeb4b8d44bc","13_apr_s1_optfix_in-the-reaction-given-below-13_img4_optC_20260512_060303.webp","https://ik.imagekit.io/kdm0ytilx/pattern-master/13_apr_s1_optfix_in-the-reaction-given-below-13_img4_optC_20260512_060303.webp?tr=f-auto,q-auto"
"13 Apr 2023 Shift 1","JEE_MAIN","","1864bece-03a6-4fec-a610-9c3ff66d68e0","36","28f45d1a-ff04-427c-822c-0aeb4b8d44bc","13_apr_s1_optfix_in-the-reaction-given-below-13_img5_optD_20260512_060303.webp","https://ik.imagekit.io/kdm0ytilx/pattern-master/13_apr_s1_optfix_in-the-reaction-given-below-13_img5_optD_20260512_060303.webp?tr=f-auto,q-auto"
"13 Apr 2023 Shift 1","JEE_MAIN","","1864bece-03a6-4fec-a610-9c3ff66d68e0","36","28f45d1a-ff04-427c-822c-0aeb4b8d44bc","13_apr_s1_optfix_in-the-reaction-given-below-13_img6_explanation_20260512_060304.webp","https://ik.imagekit.io/kdm0ytilx/pattern-master/13_apr_s1_optfix_in-the-reaction-given-below-13_img6_explanation_20260512_060304.webp?tr=f-auto,q-auto"
"13 Apr 2023 Shift 1","JEE_MAIN","","1864bece-03a6-4fec-a610-9c3ff66d68e0","36","28f45d1a-ff04-427c-822c-0aeb4b8d44bc","13_apr_s1_optfix_in-the-reaction-given-below-13_img1_20260512_060300.webp","https://ik.imagekit.io/kdm0ytilx/pattern-master/13_apr_s1_optfix_in-the-reaction-given-below-13_img1_20260512_060300.webp?tr=f-auto,q-auto"
"13 Apr 2023 Shift 1","JEE_MAIN","","1864bece-03a6-4fec-a610-9c3ff66d68e0","36","28f45d1a-ff04-427c-822c-0aeb4b8d44bc","13_apr_s1_optfix_in-the-reaction-given-below-13_img2_optA_20260512_060301.webp","https://ik.imagekit.io/kdm0ytilx/pattern-master/13_apr_s1_optfix_in-the-reaction-given-below-13_img2_optA_20260512_060301.webp?tr=f-auto,q-auto"
"13 Apr 2023 Shift 1","JEE_MAIN","","1864bece-03a6-4fec-a610-9c3ff66d68e0","36","28f45d1a-ff04-427c-822c-0aeb4b8d44bc","13_apr_s1_optfix_in-the-reaction-given-below-13_img3_optB_20260512_060303.webp","https://ik.imagekit.io/kdm0ytilx/pattern-master/13_apr_s1_optfix_in-the-reaction-given-below-13_img3_optB_20260512_060303.webp?tr=f-auto,q-auto"
"13 Apr 2023 Shift 1","JEE_MAIN","","1864bece-03a6-4fec-a610-9c3ff66d68e0","36","28f45d1a-ff04-427c-822c-0aeb4b8d44bc","13_apr_s1_optfix_in-the-reaction-given-below-13_img4_optC_20260512_060304.webp","https://ik.imagekit.io/kdm0ytilx/pattern-master/13_apr_s1_optfix_in-the-reaction-given-below-13_img4_optC_20260512_060304.webp?tr=f-auto,q-auto"
"13 Apr 2023 Shift 1","JEE_MAIN","","1864bece-03a6-4fec-a610-9c3ff66d68e0","36","28f45d1a-ff04-427c-822c-0aeb4b8d44bc","13_apr_s1_optfix_in-the-reaction-given-below-13_img5_optD_20260512_060305.webp","https://ik.imagekit.io/kdm0ytilx/pattern-master/13_apr_s1_optfix_in-the-reaction-given-below-13_img5_optD_20260512_060305.webp?tr=f-auto,q-auto"
"13 Apr 2023 Shift 1","JEE_MAIN","","1864bece-03a6-4fec-a610-9c3ff66d68e0","36","28f45d1a-ff04-427c-822c-0aeb4b8d44bc","13_apr_s1_optfix_in-the-reaction-given-below-13_img6_explanation_20260512_060305.webp","https://ik.imagekit.io/kdm0ytilx/pattern-master/13_apr_s1_optfix_in-the-reaction-given-below-13_img6_explanation_20260512_060305.webp?tr=f-auto,q-auto"
"13 Apr 2023 Shift 1","JEE_MAIN","","1864bece-03a6-4fec-a610-9c3ff66d68e0","39","d100b6a6-ea4a-4e44-b9ca-b6119af7f3a4","13_apr_s1_optfix_in-the-reaction-given-below-13_img1_20260512_060305.webp","https://ik.imagekit.io/kdm0ytilx/pattern-master/13_apr_s1_optfix_in-the-reaction-given-below-13_img1_20260512_060305.webp?tr=f-auto,q-auto"
"13 Apr 2023 Shift 1","JEE_MAIN","","1864bece-03a6-4fec-a610-9c3ff66d68e0","39","d100b6a6-ea4a-4e44-b9ca-b6119af7f3a4","13_apr_s1_optfix_in-the-reaction-given-below-13_img2_optA_20260512_060305.webp","https://ik.imagekit.io/kdm0ytilx/pattern-master/13_apr_s1_optfix_in-the-reaction-given-below-13_img2_optA_20260512_060305.webp?tr=f-auto,q-auto"
"13 Apr 2023 Shift 1","JEE_MAIN","","1864bece-03a6-4fec-a610-9c3ff66d68e0","39","d100b6a6-ea4a-4e44-b9ca-b6119af7f3a4","13_apr_s1_optfix_in-the-reaction-given-below-13_img3_optB_20260512_060306.webp","https://ik.imagekit.io/kdm0ytilx/pattern-master/13_apr_s1_optfix_in-the-reaction-given-below-13_img3_optB_20260512_060306.webp?tr=f-auto,q-auto"
"13 Apr 2023 Shift 1","JEE_MAIN","","1864bece-03a6-4fec-a610-9c3ff66d68e0","39","d100b6a6-ea4a-4e44-b9ca-b6119af7f3a4","13_apr_s1_optfix_in-the-reaction-given-below-13_img4_optC_20260512_060306.webp","https://ik.imagekit.io/kdm0ytilx/pattern-master/13_apr_s1_optfix_in-the-reaction-given-below-13_img4_optC_20260512_060306.webp?tr=f-auto,q-auto"
"13 Apr 2023 Shift 1","JEE_MAIN","","1864bece-03a6-4fec-a610-9c3ff66d68e0","39","d100b6a6-ea4a-4e44-b9ca-b6119af7f3a4","13_apr_s1_optfix_in-the-reaction-given-below-13_img5_optD_20260512_060306.webp","https://ik.imagekit.io/kdm0ytilx/pattern-master/13_apr_s1_optfix_in-the-reaction-given-below-13_img5_optD_20260512_060306.webp?tr=f-auto,q-auto"
"13 Apr 2023 Shift 1","JEE_MAIN","","1864bece-03a6-4fec-a610-9c3ff66d68e0","39","d100b6a6-ea4a-4e44-b9ca-b6119af7f3a4","13_apr_s1_optfix_in-the-reaction-given-below-13_img6_explanation_20260512_060306.webp","https://ik.imagekit.io/kdm0ytilx/pattern-master/13_apr_s1_optfix_in-the-reaction-given-below-13_img6_explanation_20260512_060306.webp?tr=f-auto,q-auto"
"13 Apr 2023 Shift 1","JEE_MAIN","","1864bece-03a6-4fec-a610-9c3ff66d68e0","39","d100b6a6-ea4a-4e44-b9ca-b6119af7f3a4","13_apr_s1_optfix_in-the-reaction-given-below-13_img1_20260512_060306.webp","https://ik.imagekit.io/kdm0ytilx/pattern-master/13_apr_s1_optfix_in-the-reaction-given-below-13_img1_20260512_060306.webp?tr=f-auto,q-auto"
"13 Apr 2023 Shift 1","JEE_MAIN","","1864bece-03a6-4fec-a610-9c3ff66d68e0","39","d100b6a6-ea4a-4e44-b9ca-b6119af7f3a4","13_apr_s1_optfix_in-the-reaction-given-below-13_img2_optA_20260512_060306.webp","https://ik.imagekit.io/kdm0ytilx/pattern-master/13_apr_s1_optfix_in-the-reaction-given-below-13_img2_optA_20260512_060306.webp?tr=f-auto,q-auto"
"13 Apr 2023 Shift 1","JEE_MAIN","","1864bece-03a6-4fec-a610-9c3ff66d68e0","39","d100b6a6-ea4a-4e44-b9ca-b6119af7f3a4","13_apr_s1_optfix_in-the-reaction-given-below-13_img5_optD_20260512_060307.webp","https://ik.imagekit.io/kdm0ytilx/pattern-master/13_apr_s1_optfix_in-the-reaction-given-below-13_img5_optD_20260512_060307.webp?tr=f-auto,q-auto"
"13 Apr 2023 Shift 1","JEE_MAIN","","1864bece-03a6-4fec-a610-9c3ff66d68e0","39","d100b6a6-ea4a-4e44-b9ca-b6119af7f3a4","13_apr_s1_optfix_in-the-reaction-given-below-13_img6_explanation_20260512_060307.webp","https://ik.imagekit.io/kdm0ytilx/pattern-master/13_apr_s1_optfix_in-the-reaction-given-below-13_img6_explanation_20260512_060307.webp?tr=f-auto,q-auto"
"13 Apr 2023 Shift 1","JEE_MAIN","","1864bece-03a6-4fec-a610-9c3ff66d68e0","48","bea6f1b5-0a8c-4021-b1f2-6b092bcce3fe","13_apr_s1_optfix_among-the-following-compounds-_img1_optA_20260512_060303.webp","https://ik.imagekit.io/kdm0ytilx/pattern-master/13_apr_s1_optfix_among-the-following-compounds-_img1_optA_20260512_060303.webp?tr=f-auto,q-auto"
"13 Apr 2023 Shift 1","JEE_MAIN","","1864bece-03a6-4fec-a610-9c3ff66d68e0","48","bea6f1b5-0a8c-4021-b1f2-6b092bcce3fe","13_apr_s1_optfix_among-the-following-compounds-_img2_optB_20260512_060303.webp","https://ik.imagekit.io/kdm0ytilx/pattern-master/13_apr_s1_optfix_among-the-following-compounds-_img2_optB_20260512_060303.webp?tr=f-auto,q-auto"
"13 Apr 2023 Shift 1","JEE_MAIN","","1864bece-03a6-4fec-a610-9c3ff66d68e0","48","bea6f1b5-0a8c-4021-b1f2-6b092bcce3fe","13_apr_s1_optfix_among-the-following-compounds-_img3_optC_20260512_060304.webp","https://ik.imagekit.io/kdm0ytilx/pattern-master/13_apr_s1_optfix_among-the-following-compounds-_img3_optC_20260512_060304.webp?tr=f-auto,q-auto"
"13 Apr 2023 Shift 1","JEE_MAIN","","1864bece-03a6-4fec-a610-9c3ff66d68e0","48","bea6f1b5-0a8c-4021-b1f2-6b092bcce3fe","13_apr_s1_optfix_among-the-following-compounds-_img4_optD_20260512_060305.webp","https://ik.imagekit.io/kdm0ytilx/pattern-master/13_apr_s1_optfix_among-the-following-compounds-_img4_optD_20260512_060305.webp?tr=f-auto,q-auto"
"13 Apr 2023 Shift 1","JEE_MAIN","","1864bece-03a6-4fec-a610-9c3ff66d68e0","48","bea6f1b5-0a8c-4021-b1f2-6b092bcce3fe","13_apr_s1_optfix_among-the-following-compounds-_img5_explanation_20260512_060305.webp","https://ik.imagekit.io/kdm0ytilx/pattern-master/13_apr_s1_optfix_among-the-following-compounds-_img5_explanation_20260512_060305.webp?tr=f-auto,q-auto"
"25 Jul 2022 Shift 1","JEE_MAIN","","73db8040-8b31-4b73-a1b0-18b4840c5c31","72","6936b8a9-9e24-48d4-8fc2-3f884209bb9b","25_jul_s1_mathematics_let-the-locus-of-the-centre-alpha-_img1_20260511_235755.webp","https://ik.imagekit.io/kdm0ytilx/pattern-master/25_jul_s1_mathematics_let-the-locus-of-the-centre-alpha-_img1_20260511_235755.webp?tr=f-auto,q-auto"
"25 Jul 2022 Shift 1","JEE_MAIN","","73db8040-8b31-4b73-a1b0-18b4840c5c31","72","6936b8a9-9e24-48d4-8fc2-3f884209bb9b","25_jul_s1_mathematics_let-the-locus-of-the-centre-alpha-_img2_20260511_235758.webp","https://ik.imagekit.io/kdm0ytilx/pattern-master/25_jul_s1_mathematics_let-the-locus-of-the-centre-alpha-_img2_20260511_235758.webp?tr=f-auto,q-auto"
"8 Apr 2023 Shift 1","JEE_MAIN","","6edfea1c-9248-4aea-a6c2-3950859cfc41","63","0e6a498c-3b6f-485f-b9a9-b9f4d4f5e745","8_apr_s1_mathematics_let-calpha-beta-be-the-circumcenter-o_img1_20260511_202522.webp","https://ik.imagekit.io/kdm0ytilx/pattern-master/8_apr_s1_mathematics_let-calpha-beta-be-the-circumcenter-o_img1_20260511_202522.webp?tr=f-auto,q-auto"
"29 Jul 2022 Shift 2","JEE_MAIN","","328e5304-99dd-4f63-8206-d4be9ca9cc97","72","d7b541bd-a28b-4333-aa8d-87af84e9f235","29_jul_s2_mathematics_let-textaalpha-2-textbalpha-6-and-text_img1_20260512_001250.webp","https://ik.imagekit.io/kdm0ytilx/pattern-master/29_jul_s2_mathematics_let-textaalpha-2-textbalpha-6-and-text_img1_20260512_001250.webp?tr=f-auto,q-auto"
"31 Jan 2023 Shift 1","JEE_MAIN","","79c8f79d-6516-4c04-a127-abcb69de778c","82","5ccefd11-a4fe-4933-bc07-3d3cdbcd701a","31_jan_s1_mathematics_let-theta-be-the-angle-between-the_img1_20260511_201942.webp","https://ik.imagekit.io/kdm0ytilx/pattern-master/31_jan_s1_mathematics_let-theta-be-the-angle-between-the_img1_20260511_201942.webp?tr=f-auto,q-auto"
"31 Aug 2021 Shift 1","JEE_MAIN","","a4d55a1a-443b-4c07-9e91-e53831cf7975","85","5e68c49b-e400-40cf-8061-ae077c30540c","31_aug_s1_mathematics_if-the-variable-line-3-x4-yalpha-l_img1_20260512_013042.webp","https://ik.imagekit.io/kdm0ytilx/pattern-master/31_aug_s1_mathematics_if-the-variable-line-3-x4-yalpha-l_img1_20260512_013042.webp?tr=f-auto,q-auto"
"20 Jul 2021 Shift 1","JEE_MAIN","","231c678a-d388-4c9f-9184-f521151d7ee7","0","d3117b26-eeb0-41a2-81b8-10a228e673ef","20_jul_s1_physics_the-value-of-current-in-the-6omega_img1_20260512_011948.webp","https://ik.imagekit.io/kdm0ytilx/pattern-master/20_jul_s1_physics_the-value-of-current-in-the-6omega_img1_20260512_011948.webp?tr=f-auto,q-auto"
"20 Jul 2021 Shift 1","JEE_MAIN","","231c678a-d388-4c9f-9184-f521151d7ee7","0","d3117b26-eeb0-41a2-81b8-10a228e673ef","20_jul_s1_physics_the-value-of-current-in-the-6omega_img2_20260512_011949.webp","https://ik.imagekit.io/kdm0ytilx/pattern-master/20_jul_s1_physics_the-value-of-current-in-the-6omega_img2_20260512_011949.webp?tr=f-auto,q-auto"
"20 Jul 2021 Shift 1","JEE_MAIN","","231c678a-d388-4c9f-9184-f521151d7ee7","4","157b0178-9127-4542-acc8-21a1fd5c30ef","20_jul_s1_physics_ac-voltage-vt20-sinomegat-of-frequ_img1_20260512_011951.webp","https://ik.imagekit.io/kdm0ytilx/pattern-master/20_jul_s1_physics_ac-voltage-vt20-sinomegat-of-frequ_img1_20260512_011951.webp?tr=f-auto,q-auto"
"20 Jul 2021 Shift 1","JEE_MAIN","","231c678a-d388-4c9f-9184-f521151d7ee7","31","3761fe8c-b95d-4636-929c-f9c28bd90801","20_jul_s1_optfix_the-correct-structure-of-rhuma_img1_optA_20260512_045453.webp","https://ik.imagekit.io/kdm0ytilx/pattern-master/20_jul_s1_optfix_the-correct-structure-of-rhuma_img1_optA_20260512_045453.webp?tr=f-auto,q-auto"
"20 Jul 2021 Shift 1","JEE_MAIN","","231c678a-d388-4c9f-9184-f521151d7ee7","31","3761fe8c-b95d-4636-929c-f9c28bd90801","20_jul_s1_optfix_the-correct-structure-of-rhuma_img2_optB_20260512_045454.webp","https://ik.imagekit.io/kdm0ytilx/pattern-master/20_jul_s1_optfix_the-correct-structure-of-rhuma_img2_optB_20260512_045454.webp?tr=f-auto,q-auto"
"20 Jul 2021 Shift 1","JEE_MAIN","","231c678a-d388-4c9f-9184-f521151d7ee7","31","3761fe8c-b95d-4636-929c-f9c28bd90801","20_jul_s1_optfix_the-correct-structure-of-rhuma_img3_optC_20260512_045455.webp","https://ik.imagekit.io/kdm0ytilx/pattern-master/20_jul_s1_optfix_the-correct-structure-of-rhuma_img3_optC_20260512_045455.webp?tr=f-auto,q-auto"
"20 Jul 2021 Shift 1","JEE_MAIN","","231c678a-d388-4c9f-9184-f521151d7ee7","31","3761fe8c-b95d-4636-929c-f9c28bd90801","20_jul_s1_optfix_the-correct-structure-of-rhuma_img4_optD_20260512_045456.webp","https://ik.imagekit.io/kdm0ytilx/pattern-master/20_jul_s1_optfix_the-correct-structure-of-rhuma_img4_optD_20260512_045456.webp?tr=f-auto,q-auto"
"20 Jul 2021 Shift 1","JEE_MAIN","","231c678a-d388-4c9f-9184-f521151d7ee7","31","3761fe8c-b95d-4636-929c-f9c28bd90801","20_jul_s1_optfix_the-correct-structure-of-rhuma_img5_explanation_20260512_045457.webp","https://ik.imagekit.io/kdm0ytilx/pattern-master/20_jul_s1_optfix_the-correct-structure-of-rhuma_img5_explanation_20260512_045457.webp?tr=f-auto,q-auto"
"10 Apr 2023 Shift 2","JEE_MAIN","","59f4863a-08f4-4d75-867c-fda1ca4b249d","81","bb3a510b-0274-493d-b141-354e03a68fa8","10_apr_s2_mathematics_in-the-figure-theta_1theta_2fracpi2-and_img1_20260511_202853.webp","https://ik.imagekit.io/kdm0ytilx/pattern-master/10_apr_s2_mathematics_in-the-figure-theta_1theta_2fracpi2-and_img1_20260511_202853.webp?tr=f-auto,q-auto"
"10 Apr 2023 Shift 2","JEE_MAIN","","59f4863a-08f4-4d75-867c-fda1ca4b249d","81","bb3a510b-0274-493d-b141-354e03a68fa8","10_apr_s2_mathematics_in-the-figure-theta_1theta_2fracpi2-and_img2_20260511_202853.webp","https://ik.imagekit.io/kdm0ytilx/pattern-master/10_apr_s2_mathematics_in-the-figure-theta_1theta_2fracpi2-and_img2_20260511_202853.webp?tr=f-auto,q-auto"
"11 Apr 2023 Shift 1","JEE_MAIN","","1b8465aa-89fb-476d-9e1f-f4c0886f79bc","47","d9197b0c-d654-41cf-aa24-0656da8fe35e","11_apr_s1_optfix_texta-and-textb-in-the-above-r_img1_20260512_060059.webp","https://ik.imagekit.io/kdm0ytilx/pattern-master/11_apr_s1_optfix_texta-and-textb-in-the-above-r_img1_20260512_060059.webp?tr=f-auto,q-auto"
"11 Apr 2023 Shift 1","JEE_MAIN","","1b8465aa-89fb-476d-9e1f-f4c0886f79bc","47","d9197b0c-d654-41cf-aa24-0656da8fe35e","11_apr_s1_optfix_texta-and-textb-in-the-above-r_img2_optA_20260512_060101.webp","https://ik.imagekit.io/kdm0ytilx/pattern-master/11_apr_s1_optfix_texta-and-textb-in-the-above-r_img2_optA_20260512_060101.webp?tr=f-auto,q-auto"
"11 Apr 2023 Shift 1","JEE_MAIN","","1b8465aa-89fb-476d-9e1f-f4c0886f79bc","47","d9197b0c-d654-41cf-aa24-0656da8fe35e","11_apr_s1_optfix_texta-and-textb-in-the-above-r_img3_optB_20260512_060102.webp","https://ik.imagekit.io/kdm0ytilx/pattern-master/11_apr_s1_optfix_texta-and-textb-in-the-above-r_img3_optB_20260512_060102.webp?tr=f-auto,q-auto"
"11 Apr 2023 Shift 1","JEE_MAIN","","1b8465aa-89fb-476d-9e1f-f4c0886f79bc","47","d9197b0c-d654-41cf-aa24-0656da8fe35e","11_apr_s1_optfix_texta-and-textb-in-the-above-r_img4_optC_20260512_060103.webp","https://ik.imagekit.io/kdm0ytilx/pattern-master/11_apr_s1_optfix_texta-and-textb-in-the-above-r_img4_optC_20260512_060103.webp?tr=f-auto,q-auto"
"11 Apr 2023 Shift 1","JEE_MAIN","","1b8465aa-89fb-476d-9e1f-f4c0886f79bc","47","d9197b0c-d654-41cf-aa24-0656da8fe35e","11_apr_s1_optfix_texta-and-textb-in-the-above-r_img5_optD_20260512_060103.webp","https://ik.imagekit.io/kdm0ytilx/pattern-master/11_apr_s1_optfix_texta-and-textb-in-the-above-r_img5_optD_20260512_060103.webp?tr=f-auto,q-auto"
"11 Apr 2023 Shift 1","JEE_MAIN","","1b8465aa-89fb-476d-9e1f-f4c0886f79bc","47","d9197b0c-d654-41cf-aa24-0656da8fe35e","11_apr_s1_optfix_texta-and-textb-in-the-above-r_img6_explanation_20260512_060103.webp","https://ik.imagekit.io/kdm0ytilx/pattern-master/11_apr_s1_optfix_texta-and-textb-in-the-above-r_img6_explanation_20260512_060103.webp?tr=f-auto,q-auto"
"24 Jan 2023 Shift 1","JEE_MAIN","","c5a77699-aed2-4d89-8614-a72237041149","40","e7c7f060-eef7-4eeb-884c-c916e4d37c6a","24_jan_s1_optfix_textr-formed-in-the-following-_img1_20260512_054406.webp","https://ik.imagekit.io/kdm0ytilx/pattern-master/24_jan_s1_optfix_textr-formed-in-the-following-_img1_20260512_054406.webp?tr=f-auto,q-auto"
"24 Jan 2023 Shift 1","JEE_MAIN","","c5a77699-aed2-4d89-8614-a72237041149","40","e7c7f060-eef7-4eeb-884c-c916e4d37c6a","24_jan_s1_optfix_textr-formed-in-the-following-_img2_optA_20260512_054407.webp","https://ik.imagekit.io/kdm0ytilx/pattern-master/24_jan_s1_optfix_textr-formed-in-the-following-_img2_optA_20260512_054407.webp?tr=f-auto,q-auto"
"24 Jan 2023 Shift 1","JEE_MAIN","","c5a77699-aed2-4d89-8614-a72237041149","40","e7c7f060-eef7-4eeb-884c-c916e4d37c6a","24_jan_s1_optfix_textr-formed-in-the-following-_img3_optB_20260512_054408.webp","https://ik.imagekit.io/kdm0ytilx/pattern-master/24_jan_s1_optfix_textr-formed-in-the-following-_img3_optB_20260512_054408.webp?tr=f-auto,q-auto"
"24 Jan 2023 Shift 1","JEE_MAIN","","c5a77699-aed2-4d89-8614-a72237041149","40","e7c7f060-eef7-4eeb-884c-c916e4d37c6a","24_jan_s1_optfix_textr-formed-in-the-following-_img4_optC_20260512_054409.webp","https://ik.imagekit.io/kdm0ytilx/pattern-master/24_jan_s1_optfix_textr-formed-in-the-following-_img4_optC_20260512_054409.webp?tr=f-auto,q-auto"
"24 Jan 2023 Shift 1","JEE_MAIN","","c5a77699-aed2-4d89-8614-a72237041149","40","e7c7f060-eef7-4eeb-884c-c916e4d37c6a","24_jan_s1_optfix_textr-formed-in-the-following-_img5_optD_20260512_054410.webp","https://ik.imagekit.io/kdm0ytilx/pattern-master/24_jan_s1_optfix_textr-formed-in-the-following-_img5_optD_20260512_054410.webp?tr=f-auto,q-auto"
"24 Jan 2023 Shift 1","JEE_MAIN","","c5a77699-aed2-4d89-8614-a72237041149","40","e7c7f060-eef7-4eeb-884c-c916e4d37c6a","24_jan_s1_optfix_textr-formed-in-the-following-_img6_explanation_20260512_054411.webp","https://ik.imagekit.io/kdm0ytilx/pattern-master/24_jan_s1_optfix_textr-formed-in-the-following-_img6_explanation_20260512_054411.webp?tr=f-auto,q-auto"
"24 Jan 2023 Shift 1","JEE_MAIN","","c5a77699-aed2-4d89-8614-a72237041149","44","b34f7f3b-ec16-4605-a399-45a575582a14","24_jan_s1_optfix_a-and-b-formed-in-the-followin_img1_20260512_054408.webp","https://ik.imagekit.io/kdm0ytilx/pattern-master/24_jan_s1_optfix_a-and-b-formed-in-the-followin_img1_20260512_054408.webp?tr=f-auto,q-auto"
"24 Jan 2023 Shift 1","JEE_MAIN","","c5a77699-aed2-4d89-8614-a72237041149","44","b34f7f3b-ec16-4605-a399-45a575582a14","24_jan_s1_optfix_a-and-b-formed-in-the-followin_img2_optA_20260512_054409.webp","https://ik.imagekit.io/kdm0ytilx/pattern-master/24_jan_s1_optfix_a-and-b-formed-in-the-followin_img2_optA_20260512_054409.webp?tr=f-auto,q-auto"
"24 Jan 2023 Shift 1","JEE_MAIN","","c5a77699-aed2-4d89-8614-a72237041149","44","b34f7f3b-ec16-4605-a399-45a575582a14","24_jan_s1_optfix_a-and-b-formed-in-the-followin_img3_optB_20260512_054410.webp","https://ik.imagekit.io/kdm0ytilx/pattern-master/24_jan_s1_optfix_a-and-b-formed-in-the-followin_img3_optB_20260512_054410.webp?tr=f-auto,q-auto"
"24 Jan 2023 Shift 1","JEE_MAIN","","c5a77699-aed2-4d89-8614-a72237041149","44","b34f7f3b-ec16-4605-a399-45a575582a14","24_jan_s1_optfix_a-and-b-formed-in-the-followin_img4_optC_20260512_054411.webp","https://ik.imagekit.io/kdm0ytilx/pattern-master/24_jan_s1_optfix_a-and-b-formed-in-the-followin_img4_optC_20260512_054411.webp?tr=f-auto,q-auto"
"24 Jan 2023 Shift 1","JEE_MAIN","","c5a77699-aed2-4d89-8614-a72237041149","44","b34f7f3b-ec16-4605-a399-45a575582a14","24_jan_s1_optfix_a-and-b-formed-in-the-followin_img5_optD_20260512_054411.webp","https://ik.imagekit.io/kdm0ytilx/pattern-master/24_jan_s1_optfix_a-and-b-formed-in-the-followin_img5_optD_20260512_054411.webp?tr=f-auto,q-auto"
"24 Jan 2023 Shift 1","JEE_MAIN","","c5a77699-aed2-4d89-8614-a72237041149","44","b34f7f3b-ec16-4605-a399-45a575582a14","24_jan_s1_optfix_a-and-b-formed-in-the-followin_img6_explanation_20260512_054412.webp","https://ik.imagekit.io/kdm0ytilx/pattern-master/24_jan_s1_optfix_a-and-b-formed-in-the-followin_img6_explanation_20260512_054412.webp?tr=f-auto,q-auto"
"24 Jan 2023 Shift 1","JEE_MAIN","","c5a77699-aed2-4d89-8614-a72237041149","45","f4ce57ca-b72f-4dd6-aac4-4a5aab1a4ab8","24_jan_s1_optfix_in-the-following-given-reactio_img1_20260512_054407.webp","https://ik.imagekit.io/kdm0ytilx/pattern-master/24_jan_s1_optfix_in-the-following-given-reactio_img1_20260512_054407.webp?tr=f-auto,q-auto"
"24 Jan 2023 Shift 1","JEE_MAIN","","c5a77699-aed2-4d89-8614-a72237041149","45","f4ce57ca-b72f-4dd6-aac4-4a5aab1a4ab8","24_jan_s1_optfix_in-the-following-given-reactio_img2_optA_20260512_054409.webp","https://ik.imagekit.io/kdm0ytilx/pattern-master/24_jan_s1_optfix_in-the-following-given-reactio_img2_optA_20260512_054409.webp?tr=f-auto,q-auto"
"24 Jan 2023 Shift 1","JEE_MAIN","","c5a77699-aed2-4d89-8614-a72237041149","45","f4ce57ca-b72f-4dd6-aac4-4a5aab1a4ab8","24_jan_s1_optfix_in-the-following-given-reactio_img3_optB_20260512_054410.webp","https://ik.imagekit.io/kdm0ytilx/pattern-master/24_jan_s1_optfix_in-the-following-given-reactio_img3_optB_20260512_054410.webp?tr=f-auto,q-auto"
"24 Jan 2023 Shift 1","JEE_MAIN","","c5a77699-aed2-4d89-8614-a72237041149","45","f4ce57ca-b72f-4dd6-aac4-4a5aab1a4ab8","24_jan_s1_optfix_in-the-following-given-reactio_img4_optC_20260512_054411.webp","https://ik.imagekit.io/kdm0ytilx/pattern-master/24_jan_s1_optfix_in-the-following-given-reactio_img4_optC_20260512_054411.webp?tr=f-auto,q-auto"
"24 Jan 2023 Shift 1","JEE_MAIN","","c5a77699-aed2-4d89-8614-a72237041149","45","f4ce57ca-b72f-4dd6-aac4-4a5aab1a4ab8","24_jan_s1_optfix_in-the-following-given-reactio_img5_optD_20260512_054411.webp","https://ik.imagekit.io/kdm0ytilx/pattern-master/24_jan_s1_optfix_in-the-following-given-reactio_img5_optD_20260512_054411.webp?tr=f-auto,q-auto"
"24 Jan 2023 Shift 1","JEE_MAIN","","c5a77699-aed2-4d89-8614-a72237041149","45","f4ce57ca-b72f-4dd6-aac4-4a5aab1a4ab8","24_jan_s1_optfix_in-the-following-given-reactio_img6_explanation_20260512_054412.webp","https://ik.imagekit.io/kdm0ytilx/pattern-master/24_jan_s1_optfix_in-the-following-given-reactio_img6_explanation_20260512_054412.webp?tr=f-auto,q-auto"
"31 Aug 2021 Shift 2","JEE_MAIN","","1df6b5ca-e1da-4113-a5ad-a2040e585262","83","a9c98898-c8b4-40c8-88d9-af791df912c6","31_aug_s2_mathematics_if-sin-xsin-3-xcos-3-x-d-x-alpha-l_img1_20260512_013135.webp","https://ik.imagekit.io/kdm0ytilx/pattern-master/31_aug_s2_mathematics_if-sin-xsin-3-xcos-3-x-d-x-alpha-l_img1_20260512_013135.webp?tr=f-auto,q-auto"
"15 Apr 2023 Shift 1","JEE_MAIN","","4c4aba91-1431-47c2-903c-c157e5d9aae6","74","a19e2f2b-8f53-4998-834e-9395605b6a2b","15_apr_s1_mathematics_if-alpha-beta-is-the-orthocenter-of-t_img1_20260511_203958.webp","https://ik.imagekit.io/kdm0ytilx/pattern-master/15_apr_s1_mathematics_if-alpha-beta-is-the-orthocenter-of-t_img1_20260511_203958.webp?tr=f-auto,q-auto"
"24 Feb 2021 Shift 1","JEE_MAIN","","2f2401e7-30eb-4ce9-b3b6-4803a590152f","85","410e2cd5-a840-4bdd-b0a4-d5f9e02dbcdb","24_feb_s1_mathematics_the-minimum-value-of-alpha-for-whi_img1_20260512_010613.webp","https://ik.imagekit.io/kdm0ytilx/pattern-master/24_feb_s1_mathematics_the-minimum-value-of-alpha-for-whi_img1_20260512_010613.webp?tr=f-auto,q-auto"
"22 Jul 2021 Shift 2","JEE_MAIN","","91c29413-b7a1-484d-9188-4afd512eb249","0","d3b12480-74ee-4eac-aa05-44bc7f82b95c","22_jul_s2_optfix_in-a-circuit-consisting-of-a-c_img1_20260512_061432.webp","https://ik.imagekit.io/kdm0ytilx/pattern-master/22_jul_s2_optfix_in-a-circuit-consisting-of-a-c_img1_20260512_061432.webp?tr=f-auto,q-auto"
"22 Jul 2021 Shift 2","JEE_MAIN","","91c29413-b7a1-484d-9188-4afd512eb249","0","d3b12480-74ee-4eac-aa05-44bc7f82b95c","22_jul_s2_optfix_in-a-circuit-consisting-of-a-c_img2_optA_20260512_061433.webp","https://ik.imagekit.io/kdm0ytilx/pattern-master/22_jul_s2_optfix_in-a-circuit-consisting-of-a-c_img2_optA_20260512_061433.webp?tr=f-auto,q-auto"
"22 Jul 2021 Shift 2","JEE_MAIN","","91c29413-b7a1-484d-9188-4afd512eb249","0","d3b12480-74ee-4eac-aa05-44bc7f82b95c","22_jul_s2_optfix_in-a-circuit-consisting-of-a-c_img3_optB_20260512_061436.webp","https://ik.imagekit.io/kdm0ytilx/pattern-master/22_jul_s2_optfix_in-a-circuit-consisting-of-a-c_img3_optB_20260512_061436.webp?tr=f-auto,q-auto"
"22 Jul 2021 Shift 2","JEE_MAIN","","91c29413-b7a1-484d-9188-4afd512eb249","0","d3b12480-74ee-4eac-aa05-44bc7f82b95c","22_jul_s2_optfix_in-a-circuit-consisting-of-a-c_img4_optC_20260512_061436.webp","https://ik.imagekit.io/kdm0ytilx/pattern-master/22_jul_s2_optfix_in-a-circuit-consisting-of-a-c_img4_optC_20260512_061436.webp?tr=f-auto,q-auto"
"22 Jul 2021 Shift 2","JEE_MAIN","","91c29413-b7a1-484d-9188-4afd512eb249","0","d3b12480-74ee-4eac-aa05-44bc7f82b95c","22_jul_s2_optfix_in-a-circuit-consisting-of-a-c_img5_optD_20260512_061439.webp","https://ik.imagekit.io/kdm0ytilx/pattern-master/22_jul_s2_optfix_in-a-circuit-consisting-of-a-c_img5_optD_20260512_061439.webp?tr=f-auto,q-auto"
"30 Jan 2023 Shift 1","JEE_MAIN","","1b337863-568f-479b-873e-ee1e8f17614e","81","0701d86f-abd0-40c3-a908-41eb75b00422","30_jan_s1_mathematics_let-alpha-be-the-area-of-the-large_img1_20260511_201729.webp","https://ik.imagekit.io/kdm0ytilx/pattern-master/30_jan_s1_mathematics_let-alpha-be-the-area-of-the-large_img1_20260511_201729.webp?tr=f-auto,q-auto"
"30 Jan 2023 Shift 2","JEE_MAIN","","73251f46-5764-4f4b-a71d-7302f9961b35","5","02e87802-1323-4940-bcb7-f70fb8dc421e","30_jan_s2_optfix_the-output-texty-for-the-input_img1_20260512_054809.webp","https://ik.imagekit.io/kdm0ytilx/pattern-master/30_jan_s2_optfix_the-output-texty-for-the-input_img1_20260512_054809.webp?tr=f-auto,q-auto"
"30 Jan 2023 Shift 2","JEE_MAIN","","73251f46-5764-4f4b-a71d-7302f9961b35","5","02e87802-1323-4940-bcb7-f70fb8dc421e","30_jan_s2_optfix_the-output-texty-for-the-input_img2_optA_20260512_054810.webp","https://ik.imagekit.io/kdm0ytilx/pattern-master/30_jan_s2_optfix_the-output-texty-for-the-input_img2_optA_20260512_054810.webp?tr=f-auto,q-auto"
"30 Jan 2023 Shift 2","JEE_MAIN","","73251f46-5764-4f4b-a71d-7302f9961b35","5","02e87802-1323-4940-bcb7-f70fb8dc421e","30_jan_s2_optfix_the-output-texty-for-the-input_img3_optB_20260512_054811.webp","https://ik.imagekit.io/kdm0ytilx/pattern-master/30_jan_s2_optfix_the-output-texty-for-the-input_img3_optB_20260512_054811.webp?tr=f-auto,q-auto"
"30 Jan 2023 Shift 2","JEE_MAIN","","73251f46-5764-4f4b-a71d-7302f9961b35","5","02e87802-1323-4940-bcb7-f70fb8dc421e","30_jan_s2_optfix_the-output-texty-for-the-input_img4_optC_20260512_054811.webp","https://ik.imagekit.io/kdm0ytilx/pattern-master/30_jan_s2_optfix_the-output-texty-for-the-input_img4_optC_20260512_054811.webp?tr=f-auto,q-auto"
"30 Jan 2023 Shift 2","JEE_MAIN","","73251f46-5764-4f4b-a71d-7302f9961b35","5","02e87802-1323-4940-bcb7-f70fb8dc421e","30_jan_s2_optfix_the-output-texty-for-the-input_img5_optD_20260512_054812.webp","https://ik.imagekit.io/kdm0ytilx/pattern-master/30_jan_s2_optfix_the-output-texty-for-the-input_img5_optD_20260512_054812.webp?tr=f-auto,q-auto"
"16 Mar 2021 Shift 2","JEE_MAIN","","e6c2b96d-c648-4921-8588-075f043f3986","61","e103b97d-0c7a-4c48-a744-c44ba4afdc41","16_mar_s2_mathematics_let-alpha-r-be-such-that-the-funct_img1_20260512_011520.webp","https://ik.imagekit.io/kdm0ytilx/pattern-master/16_mar_s2_mathematics_let-alpha-r-be-such-that-the-funct_img1_20260512_011520.webp?tr=f-auto,q-auto"
"28 Jul 2022 Shift 2","JEE_MAIN","","83a2f2b4-f8da-44ea-a172-84ae0099fa9f","41","fc20c19c-9241-45a8-83be-2e3f639bacde","28_jul_s2_optfix_the-major-product-in-the-given_img1_20260512_053738.webp","https://ik.imagekit.io/kdm0ytilx/pattern-master/28_jul_s2_optfix_the-major-product-in-the-given_img1_20260512_053738.webp?tr=f-auto,q-auto"
"28 Jul 2022 Shift 2","JEE_MAIN","","83a2f2b4-f8da-44ea-a172-84ae0099fa9f","41","fc20c19c-9241-45a8-83be-2e3f639bacde","28_jul_s2_optfix_the-major-product-in-the-given_img2_optA_20260512_053740.webp","https://ik.imagekit.io/kdm0ytilx/pattern-master/28_jul_s2_optfix_the-major-product-in-the-given_img2_optA_20260512_053740.webp?tr=f-auto,q-auto"
"28 Jul 2022 Shift 2","JEE_MAIN","","83a2f2b4-f8da-44ea-a172-84ae0099fa9f","41","fc20c19c-9241-45a8-83be-2e3f639bacde","28_jul_s2_optfix_the-major-product-in-the-given_img3_optB_20260512_053741.webp","https://ik.imagekit.io/kdm0ytilx/pattern-master/28_jul_s2_optfix_the-major-product-in-the-given_img3_optB_20260512_053741.webp?tr=f-auto,q-auto"
"28 Jul 2022 Shift 2","JEE_MAIN","","83a2f2b4-f8da-44ea-a172-84ae0099fa9f","41","fc20c19c-9241-45a8-83be-2e3f639bacde","28_jul_s2_optfix_the-major-product-in-the-given_img4_optC_20260512_053742.webp","https://ik.imagekit.io/kdm0ytilx/pattern-master/28_jul_s2_optfix_the-major-product-in-the-given_img4_optC_20260512_053742.webp?tr=f-auto,q-auto"
"28 Jul 2022 Shift 2","JEE_MAIN","","83a2f2b4-f8da-44ea-a172-84ae0099fa9f","41","fc20c19c-9241-45a8-83be-2e3f639bacde","28_jul_s2_optfix_the-major-product-in-the-given_img5_optD_20260512_053742.webp","https://ik.imagekit.io/kdm0ytilx/pattern-master/28_jul_s2_optfix_the-major-product-in-the-given_img5_optD_20260512_053742.webp?tr=f-auto,q-auto"
"28 Jul 2022 Shift 2","JEE_MAIN","","83a2f2b4-f8da-44ea-a172-84ae0099fa9f","41","fc20c19c-9241-45a8-83be-2e3f639bacde","28_jul_s2_optfix_the-major-product-in-the-given_img6_explanation_20260512_053743.webp","https://ik.imagekit.io/kdm0ytilx/pattern-master/28_jul_s2_optfix_the-major-product-in-the-given_img6_explanation_20260512_053743.webp?tr=f-auto,q-auto"
